serie,modelo,parametros,transformacion,AIC,BIC,MAE,RMSE,MAPE,Ljung_Box_p,Jarque_Bera_p,mejor_modelo
S0_total,Prophet,"{'estacionalidad_anual': True, 'modo_estacional': 'aditivo'}",ninguna,,,132304.357769672,139548.64320989547,60.88743410092474,8.627750708661812e-76,4.0843198126553085e-11,True
S0_total,"ARIMA(1,1,1)","{'orden': (1, 1, 1), 'orden_estacional': (0, 0, 0, 0), 'tendencia': None}",log,92.36440459509622,101.2738444938242,154872.62480344114,169524.19014539607,59.30134441733116,0.0823872301990891,0.0,False
S0_total,Suavizamiento exponencial simple,"{'tendencia': None, 'estacionalidad': None}",ninguna,,,165372.54140774175,180598.2335333725,62.90591307213194,2.6076109044549456e-14,5.208458217082098e-10,False
S0_total,Holt-Winters,"{'tendencia': 'aditiva amortiguada', 'estacionalidad': 'aditiva', 'periodo': 12}",ninguna,,,176500.80090134896,189319.95942809267,69.17027062228186,0.7867057122445775,2.536071086302813e-286,False
S0_total,"auto_arima(2, 0, 0)x(1, 0, 1, 12)","{'orden': (2, 0, 0), 'orden_estacional': (1, 0, 1, 12), 'tendencia': None}",log,66.50456608805962,80.95631172916838,183941.8071702022,198149.81923976543,72.24644973246146,0.2767961274033447,0.0,False
S0_total,Seasonal Naive,{'rezago': 12},ninguna,,,207321.6373958207,219663.86935700072,84.91040612875624,9.062573905602723e-83,2.239503456133369e-77,False
S0_total,"SARIMA(1,1,1)(0,1,1,12)","{'orden': (1, 1, 1), 'orden_estacional': (0, 1, 1, 12), 'tendencia': None}",log,70.45098105062496,81.60094802175315,213008.70705079503,227938.89027083095,84.09171562902257,0.2341235830988115,0.0,False
S0_total,"SARIMA(2,1,1)(1,1,0,12)","{'orden': (2, 1, 1), 'orden_estacional': (1, 1, 0, 12), 'tendencia': None}",log,62.79914170208074,76.73660041599096,222189.3220373248,241913.77381685204,84.57067110165157,0.4112436926690415,0.0,False
S1_la_aurora,"ARIMA(1,1,1)","{'orden': (1, 1, 1), 'orden_estacional': (0, 0, 0, 0), 'tendencia': None}",log,207.0270290668168,215.9364689655448,33049.417474794594,38249.07393218434,33.081138001020136,0.0744607696554532,0.0,True
S1_la_aurora,"ARIMA(0,1,1)","{'orden': (0, 1, 1), 'orden_estacional': (0, 0, 0, 0), 'tendencia': None}",log,206.0726559672155,212.0122825663675,33467.501246755586,38659.13147845773,33.42113821302036,0.0613137503470984,0.0,False
S1_la_aurora,"ARIMA(1,1,0)","{'orden': (1, 1, 0), 'orden_estacional': (0, 0, 0, 0), 'tendencia': None}",log,206.84739243817543,212.80085992301665,34250.38658509929,39443.895860539546,34.14410925316587,0.0605838077962762,0.0,False
S1_la_aurora,Suavizamiento exponencial simple,"{'tendencia': None, 'estacionalidad': None}",ninguna,,,36821.786047759815,42053.31786869305,36.56306279620979,2.6193147614531563e-19,0.0729958377916646,False
S1_la_aurora,Holt-Winters,"{'tendencia': 'aditiva amortiguada', 'estacionalidad': 'aditiva', 'periodo': 12}",ninguna,,,38903.90608415798,42886.686324522765,39.492142682729344,0.2645085554758339,0.0,False
S1_la_aurora,Prophet,"{'crecimiento': 'linear', 'estacionalidad_anual': True, 'modo_estacional': 'additive'}",ninguna,,,45973.05693049481,50962.92803636545,47.47482853783632,2.06857865508614e-79,8.507890528300065e-22,False
S1_la_aurora,"SARIMA(1,1,1)(0,1,1,12)","{'orden': (1, 1, 1), 'orden_estacional': (0, 1, 1, 12), 'tendencia': None}",log,187.10721652293665,198.2571834940648,68210.15870489168,72421.31031108662,71.99348842744712,0.0301891939707716,0.0,False
S1_la_aurora,"auto_arima(1, 0, 1)x(1, 0, 1, 12)","{'orden': (1, 0, 1), 'orden_estacional': (1, 0, 1, 12), 'tendencia': None}",log,189.57422504425045,204.02597068535923,71902.88356728223,75900.74382907838,76.28927874821917,0.031740601816627,0.0,False
S1_la_aurora,Seasonal Naive,{'rezago': 12},ninguna,,,75518.44036960739,79320.75972667034,81.47749325639356,2.292959091883028e-87,2.170201703942756e-94,False
S2_valle_nuevo,Prophet,"{'crecimiento': 'linear', 'estacionalidad_anual': True, 'modo_estacional': 'additive'}",ninguna,,,16803.85136918256,23186.82186561063,157.64462957504745,2.5639162673737607e-76,2.6215533771030536e-12,True
S2_valle_nuevo,Holt-Winters,"{'tendencia': 'aditiva amortiguada', 'estacionalidad': 'aditiva', 'periodo': 12}",ninguna,,,35209.78099498713,38091.010105654364,85.4326865036248,0.8811793807407882,2.314697406019012e-56,False
S2_valle_nuevo,Suavizamiento exponencial simple,"{'tendencia': None, 'estacionalidad': None}",ninguna,,,40769.915380137536,45662.777695940415,79.96628352256985,2.2219860388389288e-10,0.0002893295831714,False
S2_valle_nuevo,"ARIMA(1,1,0)","{'orden': (1, 1, 0), 'orden_estacional': (0, 0, 0, 0), 'tendencia': None}",log,330.7409696617565,336.69443714659764,41024.48224919775,45933.38052060028,80.10763401165876,0.0138557131964151,0.0,False
S2_valle_nuevo,"ARIMA(0,1,1)","{'orden': (0, 1, 1), 'orden_estacional': (0, 0, 0, 0), 'tendencia': None}",log,327.5545112976401,333.4941378967921,41313.68868817139,46240.12100877876,80.30110363778734,0.0495591650100309,0.0,False
S2_valle_nuevo,"ARIMA(1,1,1)","{'orden': (1, 1, 1), 'orden_estacional': (0, 0, 0, 0), 'tendencia': None}",log,329.49962016423854,338.40906006296655,41518.9726868661,46452.17517892223,80.51792944650813,0.0552119770442353,0.0,False
S2_valle_nuevo,"auto_arima(1, 0, 1)x(0, 0, 0, 12)","{'orden': (1, 0, 1), 'orden_estacional': (0, 0, 0, 12), 'tendencia': None}",log,330.9773404394679,339.9075416667296,43693.084599588496,48726.17291198593,84.8307356183842,0.0493657492116594,0.0,False
S2_valle_nuevo,Seasonal Naive,{'rezago': 12},ninguna,,,44707.2302882751,49660.58809058914,91.3851744547971,3.8691433307175986e-69,1.2034857957407616e-32,False
S2_valle_nuevo,"SARIMA(1,1,1)(0,1,1,12)","{'orden': (1, 1, 1), 'orden_estacional': (0, 1, 1, 12), 'tendencia': None}",log,303.09429998318643,314.24426695431464,47115.32204194047,51805.57702095117,96.9597636102893,0.1893552193729277,0.0,False
S3_san_cristobal,Prophet,"{'crecimiento': 'linear', 'estacionalidad_anual': True, 'modo_estacional': 'additive'}",ninguna,,,7723.294813509721,10437.106854494128,146.89122886290173,1.7396523529210554e-53,2.114522987550677e-05,True
S3_san_cristobal,Suavizamiento exponencial simple,"{'tendencia': None, 'estacionalidad': None}",ninguna,,,20483.073870409327,23091.478420641142,80.02690207148507,9.718372064836808e-07,3.065996927040201e-05,False
S3_san_cristobal,"ARIMA(1,1,0)","{'orden': (1, 1, 0), 'orden_estacional': (0, 0, 0, 0), 'tendencia': None}",log,274.71712775110603,280.6705952359472,20896.643041710617,23543.50565921661,80.25787948581275,0.0331626169639036,0.0,False
S3_san_cristobal,"ARIMA(1,1,1)","{'orden': (1, 1, 1), 'orden_estacional': (0, 0, 0, 0), 'tendencia': None}",log,273.9592557685739,282.8686956673019,21067.408920111706,23694.353773875155,81.86535958672339,0.0398986819599015,0.0,False
S3_san_cristobal,"ARIMA(0,1,1)","{'orden': (0, 1, 1), 'orden_estacional': (0, 0, 0, 0), 'tendencia': None}",log,274.7364571318314,280.6760837309834,21094.28881313974,23732.06552702759,81.58993669287278,0.0459909705605339,0.0,False
S3_san_cristobal,Seasonal Naive,{'rezago': 12},ninguna,,,21407.95065860628,24052.52379942494,86.22656706406914,2.907281833697512e-44,4.924458788182458e-21,False
S3_san_cristobal,Holt-Winters,"{'tendencia': 'aditiva amortiguada', 'estacionalidad': 'aditiva', 'periodo': 12}",ninguna,,,22180.15366201621,24610.987880977907,94.07794970543884,0.007205314319405,2.4836722400519773e-31,False
S3_san_cristobal,"auto_arima(2, 0, 1)x(1, 0, 0, 12)","{'orden': (2, 0, 1), 'orden_estacional': (1, 0, 0, 12), 'tendencia': None}",log,254.16361540118376,268.61536104229253,22869.860073302418,25382.64754550933,96.49625039730498,0.1234826435494911,0.0,False
S3_san_cristobal,"SARIMA(1,1,1)(0,1,1,12)","{'orden': (1, 1, 1), 'orden_estacional': (0, 1, 1, 12), 'tendencia': None}",log,239.0442335694198,250.194200540548,22941.21576332194,25446.65470645719,97.19335348896068,0.1277265787703668,0.0,False
S4_el_salvador,Prophet,"{'crecimiento': 'linear', 'estacionalidad_anual': True, 'modo_estacional': 'additive'}",ninguna,,,53080.98060315366,59455.03584323925,87.91779875271409,9.879282742768754e-71,2.2274515446342937e-10,True
S4_el_salvador,"ARIMA(0,1,1)","{'orden': (0, 1, 1), 'orden_estacional': (0, 0, 0, 0), 'tendencia': None}",log1p,451.53217352399383,457.47180012314584,81334.9631041382,92860.43129760982,75.1941104763087,0.00022468344934594247,0.0,False
S4_el_salvador,"ARIMA(1,1,0)","{'orden': (1, 1, 0), 'orden_estacional': (0, 0, 0, 0), 'tendencia': None}",log1p,453.92663314046473,459.8801006253059,81349.56017830172,92876.19552466327,75.20075233719457,0.00025472168162191713,0.0,False
S4_el_salvador,Holt-Winters,"{'tendencia': 'aditiva amortiguada', 'estacionalidad': 'aditiva', 'periodo': 12}",ninguna,,,83700.94318925285,93737.49357257337,82.58932484033588,0.8862046445758781,7.252636238155482e-34,False
S4_el_salvador,Suavizamiento exponencial simple,"{'tendencia': None, 'estacionalidad': None}",ninguna,,,83976.94577892506,95466.69798434331,78.03588285048315,1.717652743010315e-15,3.949531187952735e-05,False
S4_el_salvador,"ARIMA(1,1,1)","{'orden': (1, 1, 1), 'orden_estacional': (0, 0, 0, 0), 'tendencia': None}",log1p,445.4848584316479,454.39429833037593,85430.97674265236,96712.16617623669,82.74560133063858,0.00044913739765865124,0.0,False
S4_el_salvador,Seasonal Naive,{'rezago': 12},ninguna,,,91662.09301661386,102198.52032069024,94.05316883049674,3.3043844700289964e-66,1.7067444364637326e-59,False
S4_el_salvador,"ARIMA(1,0,0)","{'orden': (1, 0, 0), 'orden_estacional': (0, 0, 0, 0), 'tendencia': None}",log1p,455.67204634720633,461.639259590623,91559.83067762824,103512.45057891692,86.3647271782312,0.0001709049125836195,0.0,False
S4_el_salvador,"auto_arima(2, 0, 2)x(0, 0, 0, 12)","{'orden': (2, 0, 2), 'orden_estacional': (0, 0, 0, 12), 'tendencia': None}",log1p,444.60460645578894,459.45367295366896,93782.13026324882,104802.07384645879,93.37799799655647,0.0026081702328998885,0.0,False
S4_el_salvador,"SARIMA(1,1,1)(0,1,1,12)","{'orden': (1, 1, 1), 'orden_estacional': (0, 1, 1, 12), 'tendencia': None}",log1p,393.98978142118835,405.13974839231656,1307116283.8541574,8817305745.365875,1180793.5955463357,0.001452755048054314,0.0,False
S5_estados_unidos,"ARIMA(1,1,1)","{'orden': (1, 1, 1), 'orden_estacional': (0, 0, 0, 0), 'tendencia': None}",log1p,431.90737008676774,440.81680998549575,22974.834123084067,26793.523998260593,47.08236987646559,0.0014992519356016392,0.0,True
S5_estados_unidos,"ARIMA(1,1,0)","{'orden': (1, 1, 0), 'orden_estacional': (0, 0, 0, 0), 'tendencia': None}",log1p,432.04483960239094,437.9983070872321,23442.423868573776,27251.70836370503,47.91011948308882,0.0012921893996910771,0.0,False
S5_estados_unidos,"ARIMA(0,1,1)","{'orden': (0, 1, 1), 'orden_estacional': (0, 0, 0, 0), 'tendencia': None}",log1p,430.0750548382434,436.0146814373954,23617.57510521109,27423.396810251856,48.21264916684721,0.001331148959302369,0.0,False
S5_estados_unidos,Prophet,"{'crecimiento': 'linear', 'estacionalidad_anual': True, 'modo_estacional': 'additive'}",ninguna,,,30361.506378133574,34043.51181631086,61.31436300699165,3.882467746766739e-58,2.5309418379543656e-46,False
S5_estados_unidos,Holt-Winters,"{'tendencia': 'aditiva amortiguada', 'estacionalidad': 'aditiva', 'periodo': 12}",ninguna,,,31256.74005070881,34100.70808772678,65.24477329518692,0.4530320869815958,3.9195967050095975e-186,False
S5_estados_unidos,Suavizamiento exponencial simple,"{'tendencia': None, 'estacionalidad': None}",ninguna,,,32301.536141048193,36173.884129282764,64.28411010512977,3.436354000354348e-23,0.5806836003459579,False
S5_estados_unidos,"auto_arima(0, 1, 0)x(0, 1, 0, 12)","{'orden': (0, 1, 0), 'orden_estacional': (0, 1, 0, 12), 'tendencia': None}",log1p,401.65846215546605,404.5488112836878,34754.97884264004,38984.73982381544,77.7775763270844,0.0001055177951424545,0.0,False
S5_estados_unidos,"SARIMA(1,1,1)(0,1,1,12)","{'orden': (1, 1, 1), 'orden_estacional': (0, 1, 1, 12), 'tendencia': None}",log1p,376.88233587750705,388.03230284863525,36709.264865751764,40429.45233459588,78.86094553410607,0.00023379122200773615,0.0,False
S5_estados_unidos,Seasonal Naive,{'rezago': 12},ninguna,,,40733.3470426588,43733.35991091356,88.68617199202392,1.2975993467527059e-67,1.5188480380446165e-134,False
S6_guatemala,"SARIMA(1,1,1)(0,1,1,12)","{'orden': (1, 1, 1), 'orden_estacional': (0, 1, 1, 12), 'tendencia': None}",log1p,13.418330827962734,24.568297799090917,27316.8366313953,47260.24579783955,66.21698873162262,0.065331877320245,0.0,True
S6_guatemala,"ARIMA(1,1,0)","{'orden': (1, 1, 0), 'orden_estacional': (0, 0, 0, 0), 'tendencia': None}",log1p,43.40894600369658,49.362413488537726,37863.474635905884,47345.6102554489,52.71556848069772,4.350726795603053e-06,1.2993758854963378e-220,False
S6_guatemala,"ARIMA(0,1,1)","{'orden': (0, 1, 1), 'orden_estacional': (0, 0, 0, 0), 'tendencia': None}",log1p,42.27950089508023,48.21912749423223,38003.36739869195,47358.084619366346,52.373850803342236,1.8459945735802484e-05,2.8252522330439548e-168,False
S6_guatemala,Suavizamiento exponencial simple,"{'tendencia': None, 'estacionalidad': None}",ninguna,,,38141.15006405391,47372.94199106028,52.03867308450294,5.979417294483727e-13,0.00022480398820531956,False
S6_guatemala,"ARIMA(1,1,1)","{'orden': (1, 1, 1), 'orden_estacional': (0, 0, 0, 0), 'tendencia': None}",log1p,38.662968274274526,47.57240817300253,38591.90476998195,47439.93102486765,51.24027621683898,0.002451683739935083,2.623202372264273e-167,False
S6_guatemala,"auto_arima(1, 0, 1)x(1, 0, 1, 12)","{'orden': (1, 0, 1), 'orden_estacional': (1, 0, 1, 12), 'tendencia': None}",log1p,2.266225004916123,16.71797064602489,26049.661183698063,48042.47579415094,68.23402912710874,0.02680786175009073,0.0,False
S6_guatemala,Holt-Winters,"{'tendencia': 'aditiva amortiguada', 'estacionalidad': 'aditiva', 'periodo': 12}",ninguna,,,39202.94567142692,48055.84808600285,48.43185609662172,0.16530752719223454,1.681163402316189e-161,False
S6_guatemala,Seasonal Naive,{'rezago': 12},ninguna,,,35468.90873015873,49723.64554920901,70.08089675591292,1.0119142879647679e-80,1.9179578456103097e-70,False
S6_guatemala,"SARIMA(2,1,1)(1,1,0,12)","{'orden': (2, 1, 1), 'orden_estacional': (1, 1, 0, 12), 'tendencia': None}",log1p,10.47493923728886,24.41239795119909,24439.691648084638,50303.04894410546,67.07327471999383,0.21275318107504765,0.0,False
S6_guatemala,Prophet,"{'crecimiento': 'linear', 'estacionalidad_anual': True, 'modo_estacional': 'additive'}",ninguna,,,48592.78278642914,50809.959092670215,80.14649494953586,1.2258678042302889e-71,2.950024488492222e-07,False
