fecha,serie,modelo,observado,pronostico
2021-04-01,S0_total,"ARIMA(1,1,1)",59743.1902214643,91133.86410797019
2021-05-01,S0_total,"ARIMA(1,1,1)",73873.0,89240.83341764564
2021-06-01,S0_total,"ARIMA(1,1,1)",95146.0,89808.61058485642
2021-07-01,S0_total,"ARIMA(1,1,1)",97594.66433359256,89636.68252648422
2021-08-01,S0_total,"ARIMA(1,1,1)",72327.0,89688.59416482056
2021-09-01,S0_total,"ARIMA(1,1,1)",67022.99999999996,89672.90640674988
2021-10-01,S0_total,"ARIMA(1,1,1)",83528.0,89677.64601876715
2021-11-01,S0_total,"ARIMA(1,1,1)",98578.0,89676.21396534698
2021-12-01,S0_total,"ARIMA(1,1,1)",223569.1278011966,89676.6466437486
2022-01-01,S0_total,"ARIMA(1,1,1)",134303.0,89676.51591401822
2022-02-01,S0_total,"ARIMA(1,1,1)",193903.6,89676.55541269638
2022-03-01,S0_total,"ARIMA(1,1,1)",227886.0,89676.54347855867
2022-04-01,S0_total,"ARIMA(1,1,1)",292648.0,89676.54708434046
2022-05-01,S0_total,"ARIMA(1,1,1)",260013.0,89676.5459948891
2022-06-01,S0_total,"ARIMA(1,1,1)",269366.0,89676.54632405612
2022-07-01,S0_total,"ARIMA(1,1,1)",306246.0,89676.54622460157
2022-08-01,S0_total,"ARIMA(1,1,1)",297602.0,89676.54625465082
2022-09-01,S0_total,"ARIMA(1,1,1)",246464.0,89676.54624557182
2022-10-01,S0_total,"ARIMA(1,1,1)",281938.0,89676.54624831492
2022-11-01,S0_total,"ARIMA(1,1,1)",318693.0,89676.5462474861
2022-12-01,S0_total,"ARIMA(1,1,1)",400266.0,89676.5462477365
2023-01-01,S0_total,"ARIMA(1,1,1)",258166.18821264655,89676.54624766085
2023-02-01,S0_total,"ARIMA(1,1,1)",198751.85766927944,89676.54624768379
2023-03-01,S0_total,"ARIMA(1,1,1)",251839.50267324003,89676.54624767693
2023-04-01,S0_total,"ARIMA(1,1,1)",283179.2556557847,89676.54624767901
2023-05-01,S0_total,"ARIMA(1,1,1)",213191.03891840696,89676.54624767837
2023-06-01,S0_total,"ARIMA(1,1,1)",224580.17382775573,89676.54624767853
2023-07-01,S0_total,"ARIMA(1,1,1)",257626.95044792976,89676.54624767853
2023-08-01,S0_total,"ARIMA(1,1,1)",264514.08794636687,89676.54624767853
2023-09-01,S0_total,"ARIMA(1,1,1)",218486.4781049799,89676.54624767853
2023-10-01,S0_total,"ARIMA(1,1,1)",164499.38846570507,89676.54624767853
2023-11-01,S0_total,"ARIMA(1,1,1)",255894.27623440052,89676.54624767853
2023-12-01,S0_total,"ARIMA(1,1,1)",327097.61316611955,89676.54624767853
2024-01-01,S0_total,"ARIMA(1,1,1)",292731.86680673156,89676.54624767853
2024-02-01,S0_total,"ARIMA(1,1,1)",265990.67321318097,89676.54624767853
2024-03-01,S0_total,"ARIMA(1,1,1)",322310.39400228957,89676.54624767853
2024-04-01,S0_total,"ARIMA(1,1,1)",240988.81729405135,89676.54624767853
2024-05-01,S0_total,"ARIMA(1,1,1)",238807.9548151027,89676.54624767853
2024-06-01,S0_total,"ARIMA(1,1,1)",234781.22686199367,89676.54624767853
2024-07-01,S0_total,"ARIMA(1,1,1)",266974.95506929053,89676.54624767853
2024-08-01,S0_total,"ARIMA(1,1,1)",282101.83101094456,89676.54624767853
2024-09-01,S0_total,"ARIMA(1,1,1)",215658.8098341591,89676.54624767853
2024-10-01,S0_total,"ARIMA(1,1,1)",249665.70083733913,89676.54624767853
2024-11-01,S0_total,"ARIMA(1,1,1)",302674.076910829,89676.54624767853
2024-12-01,S0_total,"ARIMA(1,1,1)",361749.6884796847,89676.54624767853
2025-01-01,S0_total,"ARIMA(1,1,1)",289543.5982553855,89676.54624767853
2025-02-01,S0_total,"ARIMA(1,1,1)",254428.88643334268,89676.54624767853
2025-03-01,S0_total,"ARIMA(1,1,1)",278538.25098417036,89676.54624767853
2025-04-01,S0_total,"ARIMA(1,1,1)",300287.6910735994,89676.54624767853
2025-05-01,S0_total,"ARIMA(1,1,1)",247981.9259720942,89676.54624767853
2025-06-01,S0_total,"ARIMA(1,1,1)",254190.0961535216,89676.54624767853
2025-07-01,S0_total,"ARIMA(1,1,1)",283388.6987866118,89676.54624767853
2025-08-01,S0_total,"ARIMA(1,1,1)",293780.5243930469,89676.54624767853
2025-09-01,S0_total,"ARIMA(1,1,1)",218069.51122057904,89676.54624767853
2025-10-01,S0_total,"ARIMA(1,1,1)",255920.93232213068,89676.54624767853
2025-11-01,S0_total,"ARIMA(1,1,1)",310585.52010717517,89676.54624767853
2025-12-01,S0_total,"ARIMA(1,1,1)",365573.0218067979,89676.54624767853
2026-01-01,S0_total,"ARIMA(1,1,1)",300664.07527322107,89676.54624767853
2026-02-01,S0_total,"ARIMA(1,1,1)",236844.11361811563,89676.54624767853
2026-03-01,S0_total,"ARIMA(1,1,1)",291160.36570034793,89676.54624767853
2026-04-01,S0_total,"ARIMA(1,1,1)",260951.04561236833,89676.54624767853
2026-05-01,S0_total,"ARIMA(1,1,1)",241312.2952590584,89676.54624767853
2026-06-01,S0_total,"ARIMA(1,1,1)",245687.58097717003,89676.54624767853
2021-04-01,S0_total,"SARIMA(1,1,1)(0,1,1,12)",59743.1902214643,37459.556377443
2021-05-01,S0_total,"SARIMA(1,1,1)(0,1,1,12)",73873.0,32987.498862809916
2021-06-01,S0_total,"SARIMA(1,1,1)(0,1,1,12)",95146.0,37203.59451976151
2021-07-01,S0_total,"SARIMA(1,1,1)(0,1,1,12)",97594.66433359256,41904.441466618
2021-08-01,S0_total,"SARIMA(1,1,1)(0,1,1,12)",72327.0,43186.122681710985
2021-09-01,S0_total,"SARIMA(1,1,1)(0,1,1,12)",67022.99999999996,34588.03709971223
2021-10-01,S0_total,"SARIMA(1,1,1)(0,1,1,12)",83528.0,39749.352124908684
2021-11-01,S0_total,"SARIMA(1,1,1)(0,1,1,12)",98578.0,61160.14540172928
2021-12-01,S0_total,"SARIMA(1,1,1)(0,1,1,12)",223569.1278011966,74587.64344094685
2022-01-01,S0_total,"SARIMA(1,1,1)(0,1,1,12)",134303.0,76816.01462625881
2022-02-01,S0_total,"SARIMA(1,1,1)(0,1,1,12)",193903.6,56900.27966240447
2022-03-01,S0_total,"SARIMA(1,1,1)(0,1,1,12)",227886.0,65294.883906432675
2022-04-01,S0_total,"SARIMA(1,1,1)(0,1,1,12)",292648.0,27920.66287347668
2022-05-01,S0_total,"SARIMA(1,1,1)(0,1,1,12)",260013.0,24326.74444160553
2022-06-01,S0_total,"SARIMA(1,1,1)(0,1,1,12)",269366.0,27332.077024035163
2022-07-01,S0_total,"SARIMA(1,1,1)(0,1,1,12)",306246.0,30744.102122252152
2022-08-01,S0_total,"SARIMA(1,1,1)(0,1,1,12)",297602.0,31669.227851796906
2022-09-01,S0_total,"SARIMA(1,1,1)(0,1,1,12)",246464.0,25359.75134712596
2022-10-01,S0_total,"SARIMA(1,1,1)(0,1,1,12)",281938.0,29142.226759340305
2022-11-01,S0_total,"SARIMA(1,1,1)(0,1,1,12)",318693.0,44838.57436951768
2022-12-01,S0_total,"SARIMA(1,1,1)(0,1,1,12)",400266.0,54682.307262965434
2023-01-01,S0_total,"SARIMA(1,1,1)(0,1,1,12)",258166.18821264655,56315.83490619299
2023-02-01,S0_total,"SARIMA(1,1,1)(0,1,1,12)",198751.85766927944,41715.04665457126
2023-03-01,S0_total,"SARIMA(1,1,1)(0,1,1,12)",251839.50267324003,47869.328595541556
2023-04-01,S0_total,"SARIMA(1,1,1)(0,1,1,12)",283179.2556557847,20469.340641939056
2023-05-01,S0_total,"SARIMA(1,1,1)(0,1,1,12)",213191.03891840696,17834.54780745711
2023-06-01,S0_total,"SARIMA(1,1,1)(0,1,1,12)",224580.17382775573,20037.83235036505
2023-07-01,S0_total,"SARIMA(1,1,1)(0,1,1,12)",257626.95044792976,22539.27354748417
2023-08-01,S0_total,"SARIMA(1,1,1)(0,1,1,12)",264514.08794636687,23217.506412769402
2023-09-01,S0_total,"SARIMA(1,1,1)(0,1,1,12)",218486.4781049799,18591.87069130246
2023-10-01,S0_total,"SARIMA(1,1,1)(0,1,1,12)",164499.38846570507,21364.898417747176
2023-11-01,S0_total,"SARIMA(1,1,1)(0,1,1,12)",255894.27623440052,32872.28510117216
2023-12-01,S0_total,"SARIMA(1,1,1)(0,1,1,12)",327097.61316611955,40088.9729336076
2024-01-01,S0_total,"SARIMA(1,1,1)(0,1,1,12)",292731.86680673156,41286.5530784116
2024-02-01,S0_total,"SARIMA(1,1,1)(0,1,1,12)",265990.67321318097,30582.348476841427
2024-03-01,S0_total,"SARIMA(1,1,1)(0,1,1,12)",322310.39400228957,35094.20714740508
2024-04-01,S0_total,"SARIMA(1,1,1)(0,1,1,12)",240988.81729405135,15006.587761616305
2024-05-01,S0_total,"SARIMA(1,1,1)(0,1,1,12)",238807.9548151027,13074.954955458948
2024-06-01,S0_total,"SARIMA(1,1,1)(0,1,1,12)",234781.22686199367,14690.238194685102
2024-07-01,S0_total,"SARIMA(1,1,1)(0,1,1,12)",266974.95506929053,16524.107566039584
2024-08-01,S0_total,"SARIMA(1,1,1)(0,1,1,12)",282101.83101094456,17021.337115039165
2024-09-01,S0_total,"SARIMA(1,1,1)(0,1,1,12)",215658.8098341591,13630.167383600903
2024-10-01,S0_total,"SARIMA(1,1,1)(0,1,1,12)",249665.70083733913,15663.143661156937
2024-11-01,S0_total,"SARIMA(1,1,1)(0,1,1,12)",302674.076910829,24099.49787462927
2024-12-01,S0_total,"SARIMA(1,1,1)(0,1,1,12)",361749.6884796847,29390.232989160115
2025-01-01,S0_total,"SARIMA(1,1,1)(0,1,1,12)",289543.5982553855,30268.209073438273
2025-02-01,S0_total,"SARIMA(1,1,1)(0,1,1,12)",254428.88643334268,22420.687818034625
2025-03-01,S0_total,"SARIMA(1,1,1)(0,1,1,12)",278538.25098417036,25728.444735669756
2025-04-01,S0_total,"SARIMA(1,1,1)(0,1,1,12)",300287.6910735994,11001.706414794207
2025-05-01,S0_total,"SARIMA(1,1,1)(0,1,1,12)",247981.9259720942,9585.577886969608
2025-06-01,S0_total,"SARIMA(1,1,1)(0,1,1,12)",254190.0961535216,10769.782601392304
2025-07-01,S0_total,"SARIMA(1,1,1)(0,1,1,12)",283388.6987866118,12114.238299597753
2025-08-01,S0_total,"SARIMA(1,1,1)(0,1,1,12)",293780.5243930469,12478.769771092293
2025-09-01,S0_total,"SARIMA(1,1,1)(0,1,1,12)",218069.51122057904,9992.618063543694
2025-10-01,S0_total,"SARIMA(1,1,1)(0,1,1,12)",255920.93232213068,11483.0440357371
2025-11-01,S0_total,"SARIMA(1,1,1)(0,1,1,12)",310585.52010717517,17667.947209077687
2025-12-01,S0_total,"SARIMA(1,1,1)(0,1,1,12)",365573.0218067979,21546.718011151195
2026-01-01,S0_total,"SARIMA(1,1,1)(0,1,1,12)",300664.07527322107,22190.384331028738
2026-02-01,S0_total,"SARIMA(1,1,1)(0,1,1,12)",236844.11361811563,16437.16938921246
2026-03-01,S0_total,"SARIMA(1,1,1)(0,1,1,12)",291160.36570034793,18862.169067847382
2026-04-01,S0_total,"SARIMA(1,1,1)(0,1,1,12)",260951.04561236833,8065.627307155899
2026-05-01,S0_total,"SARIMA(1,1,1)(0,1,1,12)",241312.2952590584,7027.427913914026
2026-06-01,S0_total,"SARIMA(1,1,1)(0,1,1,12)",245687.58097717003,7895.598134223355
2021-04-01,S0_total,"SARIMA(2,1,1)(1,1,0,12)",59743.1902214643,81644.72016918244
2021-05-01,S0_total,"SARIMA(2,1,1)(1,1,0,12)",73873.0,65511.12509843426
2021-06-01,S0_total,"SARIMA(2,1,1)(1,1,0,12)",95146.0,72515.14043218731
2021-07-01,S0_total,"SARIMA(2,1,1)(1,1,0,12)",97594.66433359256,80123.8066726367
2021-08-01,S0_total,"SARIMA(2,1,1)(1,1,0,12)",72327.0,80379.29958331962
2021-09-01,S0_total,"SARIMA(2,1,1)(1,1,0,12)",67022.99999999996,65689.51619376568
2021-10-01,S0_total,"SARIMA(2,1,1)(1,1,0,12)",83528.0,65619.01577456802
2021-11-01,S0_total,"SARIMA(2,1,1)(1,1,0,12)",98578.0,78087.90861410277
2021-12-01,S0_total,"SARIMA(2,1,1)(1,1,0,12)",223569.1278011966,103389.50287507151
2022-01-01,S0_total,"SARIMA(2,1,1)(1,1,0,12)",134303.0,91735.04255511315
2022-02-01,S0_total,"SARIMA(2,1,1)(1,1,0,12)",193903.6,74076.12688059443
2022-03-01,S0_total,"SARIMA(2,1,1)(1,1,0,12)",227886.0,38056.27509143195
2022-04-01,S0_total,"SARIMA(2,1,1)(1,1,0,12)",292648.0,2749.680072725505
2022-05-01,S0_total,"SARIMA(2,1,1)(1,1,0,12)",260013.0,2657.0048982131243
2022-06-01,S0_total,"SARIMA(2,1,1)(1,1,0,12)",269366.0,3199.058771845025
2022-07-01,S0_total,"SARIMA(2,1,1)(1,1,0,12)",306246.0,3645.474188724184
2022-08-01,S0_total,"SARIMA(2,1,1)(1,1,0,12)",297602.0,4130.034423870192
2022-09-01,S0_total,"SARIMA(2,1,1)(1,1,0,12)",246464.0,3380.9375859203583
2022-10-01,S0_total,"SARIMA(2,1,1)(1,1,0,12)",281938.0,4433.175799112449
2022-11-01,S0_total,"SARIMA(2,1,1)(1,1,0,12)",318693.0,13489.827040148944
2022-12-01,S0_total,"SARIMA(2,1,1)(1,1,0,12)",400266.0,14328.922938471625
2023-01-01,S0_total,"SARIMA(2,1,1)(1,1,0,12)",258166.18821264655,22605.10795007878
2023-02-01,S0_total,"SARIMA(2,1,1)(1,1,0,12)",198751.85766927944,13396.86325859793
2023-03-01,S0_total,"SARIMA(2,1,1)(1,1,0,12)",251839.50267324003,20645.268332844782
2023-04-01,S0_total,"SARIMA(2,1,1)(1,1,0,12)",283179.2556557847,17807.21775249769
2023-05-01,S0_total,"SARIMA(2,1,1)(1,1,0,12)",213191.03891840696,14399.063523323386
2023-06-01,S0_total,"SARIMA(2,1,1)(1,1,0,12)",224580.17382775573,15994.248985073482
2023-07-01,S0_total,"SARIMA(2,1,1)(1,1,0,12)",257626.95044792976,17695.098764217353
2023-08-01,S0_total,"SARIMA(2,1,1)(1,1,0,12)",264514.08794636687,17841.37539762316
2023-09-01,S0_total,"SARIMA(2,1,1)(1,1,0,12)",218486.4781049799,14581.780313743953
2023-10-01,S0_total,"SARIMA(2,1,1)(1,1,0,12)",164499.38846570507,14731.567261236667
2023-11-01,S0_total,"SARIMA(2,1,1)(1,1,0,12)",255894.27623440052,18227.631682261384
2023-12-01,S0_total,"SARIMA(2,1,1)(1,1,0,12)",327097.61316611955,23913.906002349304
2024-01-01,S0_total,"SARIMA(2,1,1)(1,1,0,12)",292731.86680673156,21731.282327559027
2024-02-01,S0_total,"SARIMA(2,1,1)(1,1,0,12)",265990.67321318097,17324.111180488348
2024-03-01,S0_total,"SARIMA(2,1,1)(1,1,0,12)",322310.39400228957,9315.464268080368
2024-04-01,S0_total,"SARIMA(2,1,1)(1,1,0,12)",240988.81729405135,746.0513170475424
2024-05-01,S0_total,"SARIMA(2,1,1)(1,1,0,12)",238807.9548151027,715.5941670533367
2024-06-01,S0_total,"SARIMA(2,1,1)(1,1,0,12)",234781.22686199367,858.7042656773699
2024-07-01,S0_total,"SARIMA(2,1,1)(1,1,0,12)",266974.95506929053,977.3323307663821
2024-08-01,S0_total,"SARIMA(2,1,1)(1,1,0,12)",282101.83101094456,1101.8950755597245
2024-09-01,S0_total,"SARIMA(2,1,1)(1,1,0,12)",215658.8098341591,901.9752302947611
2024-10-01,S0_total,"SARIMA(2,1,1)(1,1,0,12)",249665.70083733913,1169.9607144159168
2024-11-01,S0_total,"SARIMA(2,1,1)(1,1,0,12)",302674.076910829,3429.55859854907
2024-12-01,S0_total,"SARIMA(2,1,1)(1,1,0,12)",361749.6884796847,3674.962079623892
2025-01-01,S0_total,"SARIMA(2,1,1)(1,1,0,12)",289543.5982553855,5666.3140874281935
2025-02-01,S0_total,"SARIMA(2,1,1)(1,1,0,12)",254428.88643334268,3399.7190588465533
2025-03-01,S0_total,"SARIMA(2,1,1)(1,1,0,12)",278538.25098417036,5015.071538011727
2025-04-01,S0_total,"SARIMA(2,1,1)(1,1,0,12)",300287.6910735994,3919.2270728016833
2025-05-01,S0_total,"SARIMA(2,1,1)(1,1,0,12)",247981.9259720942,3191.6653788156664
2025-06-01,S0_total,"SARIMA(2,1,1)(1,1,0,12)",254190.0961535216,3556.638047968069
2025-07-01,S0_total,"SARIMA(2,1,1)(1,1,0,12)",283388.6987866118,3939.4885060185425
2025-08-01,S0_total,"SARIMA(2,1,1)(1,1,0,12)",293780.5243930469,3990.5209459525868
2025-09-01,S0_total,"SARIMA(2,1,1)(1,1,0,12)",218069.51122057904,3261.6677439802006
2025-10-01,S0_total,"SARIMA(2,1,1)(1,1,0,12)",255920.93232213068,3329.538842785368
2025-11-01,S0_total,"SARIMA(2,1,1)(1,1,0,12)",310585.52010717517,4269.886166206929
2025-12-01,S0_total,"SARIMA(2,1,1)(1,1,0,12)",365573.0218067979,5555.039721680714
2026-01-01,S0_total,"SARIMA(2,1,1)(1,1,0,12)",300664.07527322107,5160.055634803761
2026-02-01,S0_total,"SARIMA(2,1,1)(1,1,0,12)",236844.11361811563,4065.332560686917
2026-03-01,S0_total,"SARIMA(2,1,1)(1,1,0,12)",291160.36570034793,2279.5274883568004
2026-04-01,S0_total,"SARIMA(2,1,1)(1,1,0,12)",260951.04561236833,200.6699136417296
2026-05-01,S0_total,"SARIMA(2,1,1)(1,1,0,12)",241312.2952590584,191.17426116868816
2026-06-01,S0_total,"SARIMA(2,1,1)(1,1,0,12)",245687.58097717003,228.70273309781
2021-04-01,S0_total,"auto_arima(2, 0, 0)x(1, 0, 1, 12)",59743.1902214643,37415.68087217701
2021-05-01,S0_total,"auto_arima(2, 0, 0)x(1, 0, 1, 12)",73873.0,34731.59160007664
2021-06-01,S0_total,"auto_arima(2, 0, 0)x(1, 0, 1, 12)",95146.0,40935.78700214145
2021-07-01,S0_total,"auto_arima(2, 0, 0)x(1, 0, 1, 12)",97594.66433359256,47872.31581613305
2021-08-01,S0_total,"auto_arima(2, 0, 0)x(1, 0, 1, 12)",72327.0,51612.308297973585
2021-09-01,S0_total,"auto_arima(2, 0, 0)x(1, 0, 1, 12)",67022.99999999996,43163.14555328718
2021-10-01,S0_total,"auto_arima(2, 0, 0)x(1, 0, 1, 12)",83528.0,51209.65931987705
2021-11-01,S0_total,"auto_arima(2, 0, 0)x(1, 0, 1, 12)",98578.0,83434.7624386783
2021-12-01,S0_total,"auto_arima(2, 0, 0)x(1, 0, 1, 12)",223569.1278011966,103181.65760601152
2022-01-01,S0_total,"auto_arima(2, 0, 0)x(1, 0, 1, 12)",134303.0,112089.91676551415
2022-02-01,S0_total,"auto_arima(2, 0, 0)x(1, 0, 1, 12)",193903.6,84501.61787158718
2022-03-01,S0_total,"auto_arima(2, 0, 0)x(1, 0, 1, 12)",227886.0,98004.10349682516
2022-04-01,S0_total,"auto_arima(2, 0, 0)x(1, 0, 1, 12)",292648.0,40952.51410751193
2022-05-01,S0_total,"auto_arima(2, 0, 0)x(1, 0, 1, 12)",260013.0,37200.19438118083
2022-06-01,S0_total,"auto_arima(2, 0, 0)x(1, 0, 1, 12)",269366.0,43076.805872658166
2022-07-01,S0_total,"auto_arima(2, 0, 0)x(1, 0, 1, 12)",306246.0,49596.63919097208
2022-08-01,S0_total,"auto_arima(2, 0, 0)x(1, 0, 1, 12)",297602.0,52756.51634342413
2022-09-01,S0_total,"auto_arima(2, 0, 0)x(1, 0, 1, 12)",246464.0,43691.27890387955
2022-10-01,S0_total,"auto_arima(2, 0, 0)x(1, 0, 1, 12)",281938.0,51203.742201514455
2022-11-01,S0_total,"auto_arima(2, 0, 0)x(1, 0, 1, 12)",318693.0,82219.97926904686
2022-12-01,S0_total,"auto_arima(2, 0, 0)x(1, 0, 1, 12)",400266.0,100574.9924494414
2023-01-01,S0_total,"auto_arima(2, 0, 0)x(1, 0, 1, 12)",258166.18821264655,108296.6248831927
2023-02-01,S0_total,"auto_arima(2, 0, 0)x(1, 0, 1, 12)",198751.85766927944,81279.69926618463
2023-03-01,S0_total,"auto_arima(2, 0, 0)x(1, 0, 1, 12)",251839.50267324003,93501.81465547506
2023-04-01,S0_total,"auto_arima(2, 0, 0)x(1, 0, 1, 12)",283179.2556557847,39178.31303549144
2023-05-01,S0_total,"auto_arima(2, 0, 0)x(1, 0, 1, 12)",213191.03891840696,35426.38769777983
2023-06-01,S0_total,"auto_arima(2, 0, 0)x(1, 0, 1, 12)",224580.17382775573,40755.733313351855
2023-07-01,S0_total,"auto_arima(2, 0, 0)x(1, 0, 1, 12)",257626.95044792976,46642.21120652734
2023-08-01,S0_total,"auto_arima(2, 0, 0)x(1, 0, 1, 12)",264514.08794636687,49375.08125363846
2023-09-01,S0_total,"auto_arima(2, 0, 0)x(1, 0, 1, 12)",218486.4781049799,40812.14030210567
2023-10-01,S0_total,"auto_arima(2, 0, 0)x(1, 0, 1, 12)",164499.38846570507,47586.432064012646
2023-11-01,S0_total,"auto_arima(2, 0, 0)x(1, 0, 1, 12)",255894.27623440052,75805.06599109132
2023-12-01,S0_total,"auto_arima(2, 0, 0)x(1, 0, 1, 12)",327097.61316611955,92270.97648899064
2024-01-01,S0_total,"auto_arima(2, 0, 0)x(1, 0, 1, 12)",292731.86680673156,99018.09145877801
2024-02-01,S0_total,"auto_arima(2, 0, 0)x(1, 0, 1, 12)",265990.67321318097,74351.58803047409
2024-03-01,S0_total,"auto_arima(2, 0, 0)x(1, 0, 1, 12)",322310.39400228957,85222.93000414701
2024-04-01,S0_total,"auto_arima(2, 0, 0)x(1, 0, 1, 12)",240988.81729405135,35952.01037667355
2024-05-01,S0_total,"auto_arima(2, 0, 0)x(1, 0, 1, 12)",238807.9548151027,32482.491000367045
2024-06-01,S0_total,"auto_arima(2, 0, 0)x(1, 0, 1, 12)",234781.22686199367,37253.77841201391
2024-07-01,S0_total,"auto_arima(2, 0, 0)x(1, 0, 1, 12)",266974.95506929053,42511.53088352753
2024-08-01,S0_total,"auto_arima(2, 0, 0)x(1, 0, 1, 12)",282101.83101094456,44913.986902963145
2024-09-01,S0_total,"auto_arima(2, 0, 0)x(1, 0, 1, 12)",215658.8098341591,37149.018177531165
2024-10-01,S0_total,"auto_arima(2, 0, 0)x(1, 0, 1, 12)",249665.70083733913,43198.15600448466
2024-11-01,S0_total,"auto_arima(2, 0, 0)x(1, 0, 1, 12)",302674.076910829,68419.56193927815
2024-12-01,S0_total,"auto_arima(2, 0, 0)x(1, 0, 1, 12)",361749.6884796847,83036.16261802049
2025-01-01,S0_total,"auto_arima(2, 0, 0)x(1, 0, 1, 12)",289543.5982553855,88966.40454061155
2025-02-01,S0_total,"auto_arima(2, 0, 0)x(1, 0, 1, 12)",254428.88643334268,66943.79671864718
2025-03-01,S0_total,"auto_arima(2, 0, 0)x(1, 0, 1, 12)",278538.25098417036,76570.42902402123
2025-04-01,S0_total,"auto_arima(2, 0, 0)x(1, 0, 1, 12)",300287.6910735994,32562.908275907826
2025-05-01,S0_total,"auto_arima(2, 0, 0)x(1, 0, 1, 12)",247981.9259720942,29432.733059175775
2025-06-01,S0_total,"auto_arima(2, 0, 0)x(1, 0, 1, 12)",254190.0961535216,33690.7044712744
2025-07-01,S0_total,"auto_arima(2, 0, 0)x(1, 0, 1, 12)",283388.6987866118,38374.985989572175
2025-08-01,S0_total,"auto_arima(2, 0, 0)x(1, 0, 1, 12)",293780.5243930469,40502.512500774166
2025-09-01,S0_total,"auto_arima(2, 0, 0)x(1, 0, 1, 12)",218069.51122057904,33550.387428604154
2025-10-01,S0_total,"auto_arima(2, 0, 0)x(1, 0, 1, 12)",255920.93232213068,38939.24084847109
2025-11-01,S0_total,"auto_arima(2, 0, 0)x(1, 0, 1, 12)",310585.52010717517,61366.92041218223
2025-12-01,S0_total,"auto_arima(2, 0, 0)x(1, 0, 1, 12)",365573.0218067979,74307.71248373478
2026-01-01,S0_total,"auto_arima(2, 0, 0)x(1, 0, 1, 12)",300664.07527322107,79536.03467728112
2026-02-01,S0_total,"auto_arima(2, 0, 0)x(1, 0, 1, 12)",236844.11361811563,60003.99944840558
2026-03-01,S0_total,"auto_arima(2, 0, 0)x(1, 0, 1, 12)",291160.36570034793,68523.06584058751
2026-04-01,S0_total,"auto_arima(2, 0, 0)x(1, 0, 1, 12)",260951.04561236833,29386.807112886218
2026-05-01,S0_total,"auto_arima(2, 0, 0)x(1, 0, 1, 12)",241312.2952590584,26583.712819174423
2026-06-01,S0_total,"auto_arima(2, 0, 0)x(1, 0, 1, 12)",245687.58097717003,30382.465486364974
2021-04-01,S0_total,Prophet,59743.1902214643,201382.05356151116
2021-05-01,S0_total,Prophet,73873.0,161922.56938736606
2021-06-01,S0_total,Prophet,95146.0,176218.7868087444
2021-07-01,S0_total,Prophet,97594.66433359256,199084.69708053579
2021-08-01,S0_total,Prophet,72327.0,191185.490140569
2021-09-01,S0_total,Prophet,67022.99999999996,143709.04997726856
2021-10-01,S0_total,Prophet,83528.0,161158.84064289203
2021-11-01,S0_total,Prophet,98578.0,185831.86544604934
2021-12-01,S0_total,Prophet,223569.1278011966,246912.3154510081
2022-01-01,S0_total,Prophet,134303.0,192888.63020017373
2022-02-01,S0_total,Prophet,193903.6,149562.2689326245
2022-03-01,S0_total,Prophet,227886.0,187938.25066253752
2022-04-01,S0_total,Prophet,292648.0,180514.8919617665
2022-05-01,S0_total,Prophet,260013.0,140020.03612792512
2022-06-01,S0_total,Prophet,269366.0,154927.26466110745
2022-07-01,S0_total,Prophet,306246.0,177658.13775335602
2022-08-01,S0_total,Prophet,297602.0,169301.830249343
2022-09-01,S0_total,Prophet,246464.0,121329.82492405869
2022-10-01,S0_total,Prophet,281938.0,138780.3560158036
2022-11-01,S0_total,Prophet,318693.0,163993.30635880635
2022-12-01,S0_total,Prophet,400266.0,226335.8121255502
2023-01-01,S0_total,Prophet,258166.18821264655,171333.11171168994
2023-02-01,S0_total,Prophet,198751.85766927944,127529.89735064335
2023-03-01,S0_total,Prophet,251839.50267324003,165063.48067601753
2023-04-01,S0_total,Prophet,283179.2556557847,159659.96754286293
2023-05-01,S0_total,Prophet,213191.03891840696,118131.80368861742
2023-06-01,S0_total,Prophet,224580.17382775573,133641.50045816184
2023-07-01,S0_total,Prophet,257626.95044792976,156207.6285431306
2023-08-01,S0_total,Prophet,264514.08794636687,147390.35695803893
2023-09-01,S0_total,Prophet,218486.4781049799,98958.13430886905
2023-10-01,S0_total,Prophet,164499.38846570507,116424.44274139116
2023-11-01,S0_total,Prophet,255894.27623440052,142189.1801752583
2023-12-01,S0_total,Prophet,327097.61316611955,205733.47651072714
2024-01-01,S0_total,Prophet,292731.86680673156,149751.7920135847
2024-02-01,S0_total,Prophet,265990.67321318097,105493.66777551742
2024-03-01,S0_total,Prophet,322310.39400228957,146638.64328543056
2024-04-01,S0_total,Prophet,240988.81729405135,135189.51734895178
2024-05-01,S0_total,Prophet,238807.9548151027,96767.18893432111
2024-06-01,S0_total,Prophet,234781.22686199367,110444.68504305118
2024-07-01,S0_total,Prophet,266974.95506929053,133415.5662370601
2024-08-01,S0_total,Prophet,282101.83101094456,125968.41822196961
2024-09-01,S0_total,Prophet,215658.8098341591,79022.31626132921
2024-10-01,S0_total,Prophet,249665.70083733913,96486.98982318694
2024-11-01,S0_total,Prophet,302674.076910829,120633.2090825975
2024-12-01,S0_total,Prophet,361749.6884796847,180392.2271119093
2025-01-01,S0_total,Prophet,289543.5982553855,127345.95639249582
2025-02-01,S0_total,Prophet,254428.88643334268,84517.91945999081
2025-03-01,S0_total,Prophet,278538.25098417036,123748.76501138542
2025-04-01,S0_total,Prophet,300287.6910735994,114309.74004224125
2025-05-01,S0_total,Prophet,247981.9259720942,74850.25586809634
2025-06-01,S0_total,Prophet,254190.0961535216,89146.47328947415
2025-07-01,S0_total,Prophet,283388.6987866118,112012.38356127201
2025-08-01,S0_total,Prophet,293780.5243930469,104113.17662131191
2025-09-01,S0_total,Prophet,218069.51122057904,56636.73645801107
2025-10-01,S0_total,Prophet,255920.93232213068,74086.52712362877
2025-11-01,S0_total,Prophet,310585.52010717517,98759.55192678022
2025-12-01,S0_total,Prophet,365573.0218067979,159840.00193174294
2026-01-01,S0_total,Prophet,300664.07527322107,105816.31668090473
2026-02-01,S0_total,Prophet,236844.11361811563,62489.95541335155
2026-03-01,S0_total,Prophet,291160.36570034793,100865.9371432721
2026-04-01,S0_total,Prophet,260951.04561236833,93442.57844249676
2026-05-01,S0_total,Prophet,241312.2952590584,52947.722608661716
2026-06-01,S0_total,Prophet,245687.58097717003,67854.95114183995
2021-04-01,S0_total,Holt-Winters,59743.1902214643,77075.11397606353
2021-05-01,S0_total,Holt-Winters,73873.0,45187.274253372765
2021-06-01,S0_total,Holt-Winters,95146.0,64540.34412850154
2021-07-01,S0_total,Holt-Winters,97594.66433359256,88943.55592392174
2021-08-01,S0_total,Holt-Winters,72327.0,82769.68249548411
2021-09-01,S0_total,Holt-Winters,67022.99999999996,36280.43905883429
2021-10-01,S0_total,Holt-Winters,83528.0,56506.98679846996
2021-11-01,S0_total,Holt-Winters,98578.0,76223.10104775178
2021-12-01,S0_total,Holt-Winters,223569.1278011966,132956.30480728188
2022-01-01,S0_total,Holt-Winters,134303.0,77988.29471438107
2022-02-01,S0_total,Holt-Winters,193903.6,32535.81364604
2022-03-01,S0_total,Holt-Winters,227886.0,83512.04228416702
2022-04-01,S0_total,Holt-Winters,292648.0,73784.1753271025
2022-05-01,S0_total,Holt-Winters,260013.0,41912.79029765653
2022-06-01,S0_total,Holt-Winters,269366.0,61282.23259256389
2022-07-01,S0_total,Holt-Winters,306246.0,85701.73494566377
2022-08-01,S0_total,Holt-Winters,297602.0,79544.07062211745
2022-09-01,S0_total,Holt-Winters,246464.0,33070.955244834455
2022-10-01,S0_total,Holt-Winters,281938.0,53313.55040354012
2022-11-01,S0_total,Holt-Winters,318693.0,73045.63183479659
2022-12-01,S0_total,Holt-Winters,400266.0,129794.72294039148
2023-01-01,S0_total,Holt-Winters,258166.18821264655,74842.5207568251
2023-02-01,S0_total,Holt-Winters,198751.85766927944,29405.76855827181
2023-03-01,S0_total,Holt-Winters,251839.50267324003,80397.64742183768
2023-04-01,S0_total,Holt-Winters,283179.2556557847,70685.35243908479
2023-05-01,S0_total,Holt-Winters,213191.03891840696,38829.46152407892
2023-06-01,S0_total,Holt-Winters,224580.17382775573,58214.32046285416
2023-07-01,S0_total,Holt-Winters,257626.95044792976,82649.1623766026
2023-08-01,S0_total,Holt-Winters,264514.08794636687,76506.76091590157
2023-09-01,S0_total,Holt-Winters,218486.4781049799,30048.832087149654
2023-10-01,S0_total,Holt-Winters,164499.38846570507,50306.537861643745
2023-11-01,S0_total,Holt-Winters,255894.27623440052,70053.6543556097
2023-12-01,S0_total,Holt-Winters,327097.61316611955,126817.70534860052
2024-01-01,S0_total,Holt-Winters,292731.86680673156,71880.38825299311
2024-02-01,S0_total,Holt-Winters,265990.67321318097,26458.446716958977
2024-03-01,S0_total,Holt-Winters,322310.39400228957,77465.06218973141
2024-04-01,S0_total,Holt-Winters,240988.81729405135,67767.43013313905
2024-05-01,S0_total,Holt-Winters,238807.9548151027,35926.128829662906
2024-06-01,S0_total,Holt-Winters,234781.22686199367,55325.50443191023
2024-07-01,S0_total,Holt-Winters,266974.95506929053,79774.7904258134
2024-08-01,S0_total,Holt-Winters,282101.83101094456,73646.7608248663
2024-09-01,S0_total,Holt-Winters,215658.8098341591,27203.131996569566
2024-10-01,S0_total,Holt-Winters,249665.70083733913,47475.06627151656
2024-11-01,S0_total,Holt-Winters,302674.076910829,67236.34012343314
2024-12-01,S0_total,Holt-Winters,361749.6884796847,124014.47768758485
2025-01-01,S0_total,Holt-Winters,289543.5982553855,69091.17673028252
2025-02-01,S0_total,Holt-Winters,254428.88643334268,23683.18125186194
2025-03-01,S0_total,Holt-Winters,278538.25098417036,74703.67305195986
2025-04-01,S0_total,Holt-Winters,300287.6910735994,65019.84794105635
2025-05-01,S0_total,Holt-Winters,247981.9259720942,33192.28454854063
2025-06-01,S0_total,Holt-Winters,254190.0961535216,52605.32937219356
2025-07-01,S0_total,Holt-Winters,283388.6987866118,77068.21624139532
2025-08-01,S0_total,Holt-Winters,293780.5243930469,70953.71951137032
2025-09-01,S0_total,Holt-Winters,218069.51122057904,24523.55588964106
2025-10-01,S0_total,Holt-Winters,255920.93232213068,44808.88804512269
2025-11-01,S0_total,Holt-Winters,310585.52010717517,64583.49278817124
2025-12-01,S0_total,Holt-Winters,365573.0218067979,121374.89458899926
2026-01-01,S0_total,Holt-Winters,300664.07527322107,66464.79154718986
2026-02-01,S0_total,Holt-Winters,236844.11361811563,21069.92799468474
2026-03-01,S0_total,Holt-Winters,291160.36570034793,72103.48606106854
2026-04-01,S0_total,Holt-Winters,260951.04561236833,62432.66188511949
2026-05-01,S0_total,Holt-Winters,241312.2952590584,30618.03442288345
2026-06-01,S0_total,Holt-Winters,245687.58097717003,50043.95049716468
2021-04-01,S0_total,Suavizamiento exponencial simple,59743.1902214643,77408.70987039794
2021-05-01,S0_total,Suavizamiento exponencial simple,73873.0,77408.70987039794
2021-06-01,S0_total,Suavizamiento exponencial simple,95146.0,77408.70987039794
2021-07-01,S0_total,Suavizamiento exponencial simple,97594.66433359256,77408.70987039794
2021-08-01,S0_total,Suavizamiento exponencial simple,72327.0,77408.70987039794
2021-09-01,S0_total,Suavizamiento exponencial simple,67022.99999999996,77408.70987039794
2021-10-01,S0_total,Suavizamiento exponencial simple,83528.0,77408.70987039794
2021-11-01,S0_total,Suavizamiento exponencial simple,98578.0,77408.70987039794
2021-12-01,S0_total,Suavizamiento exponencial simple,223569.1278011966,77408.70987039794
2022-01-01,S0_total,Suavizamiento exponencial simple,134303.0,77408.70987039794
2022-02-01,S0_total,Suavizamiento exponencial simple,193903.6,77408.70987039794
2022-03-01,S0_total,Suavizamiento exponencial simple,227886.0,77408.70987039794
2022-04-01,S0_total,Suavizamiento exponencial simple,292648.0,77408.70987039794
2022-05-01,S0_total,Suavizamiento exponencial simple,260013.0,77408.70987039794
2022-06-01,S0_total,Suavizamiento exponencial simple,269366.0,77408.70987039794
2022-07-01,S0_total,Suavizamiento exponencial simple,306246.0,77408.70987039794
2022-08-01,S0_total,Suavizamiento exponencial simple,297602.0,77408.70987039794
2022-09-01,S0_total,Suavizamiento exponencial simple,246464.0,77408.70987039794
2022-10-01,S0_total,Suavizamiento exponencial simple,281938.0,77408.70987039794
2022-11-01,S0_total,Suavizamiento exponencial simple,318693.0,77408.70987039794
2022-12-01,S0_total,Suavizamiento exponencial simple,400266.0,77408.70987039794
2023-01-01,S0_total,Suavizamiento exponencial simple,258166.18821264655,77408.70987039794
2023-02-01,S0_total,Suavizamiento exponencial simple,198751.85766927944,77408.70987039794
2023-03-01,S0_total,Suavizamiento exponencial simple,251839.50267324003,77408.70987039794
2023-04-01,S0_total,Suavizamiento exponencial simple,283179.2556557847,77408.70987039794
2023-05-01,S0_total,Suavizamiento exponencial simple,213191.03891840696,77408.70987039794
2023-06-01,S0_total,Suavizamiento exponencial simple,224580.17382775573,77408.70987039794
2023-07-01,S0_total,Suavizamiento exponencial simple,257626.95044792976,77408.70987039794
2023-08-01,S0_total,Suavizamiento exponencial simple,264514.08794636687,77408.70987039794
2023-09-01,S0_total,Suavizamiento exponencial simple,218486.4781049799,77408.70987039794
2023-10-01,S0_total,Suavizamiento exponencial simple,164499.38846570507,77408.70987039794
2023-11-01,S0_total,Suavizamiento exponencial simple,255894.27623440052,77408.70987039794
2023-12-01,S0_total,Suavizamiento exponencial simple,327097.61316611955,77408.70987039794
2024-01-01,S0_total,Suavizamiento exponencial simple,292731.86680673156,77408.70987039794
2024-02-01,S0_total,Suavizamiento exponencial simple,265990.67321318097,77408.70987039794
2024-03-01,S0_total,Suavizamiento exponencial simple,322310.39400228957,77408.70987039794
2024-04-01,S0_total,Suavizamiento exponencial simple,240988.81729405135,77408.70987039794
2024-05-01,S0_total,Suavizamiento exponencial simple,238807.9548151027,77408.70987039794
2024-06-01,S0_total,Suavizamiento exponencial simple,234781.22686199367,77408.70987039794
2024-07-01,S0_total,Suavizamiento exponencial simple,266974.95506929053,77408.70987039794
2024-08-01,S0_total,Suavizamiento exponencial simple,282101.83101094456,77408.70987039794
2024-09-01,S0_total,Suavizamiento exponencial simple,215658.8098341591,77408.70987039794
2024-10-01,S0_total,Suavizamiento exponencial simple,249665.70083733913,77408.70987039794
2024-11-01,S0_total,Suavizamiento exponencial simple,302674.076910829,77408.70987039794
2024-12-01,S0_total,Suavizamiento exponencial simple,361749.6884796847,77408.70987039794
2025-01-01,S0_total,Suavizamiento exponencial simple,289543.5982553855,77408.70987039794
2025-02-01,S0_total,Suavizamiento exponencial simple,254428.88643334268,77408.70987039794
2025-03-01,S0_total,Suavizamiento exponencial simple,278538.25098417036,77408.70987039794
2025-04-01,S0_total,Suavizamiento exponencial simple,300287.6910735994,77408.70987039794
2025-05-01,S0_total,Suavizamiento exponencial simple,247981.9259720942,77408.70987039794
2025-06-01,S0_total,Suavizamiento exponencial simple,254190.0961535216,77408.70987039794
2025-07-01,S0_total,Suavizamiento exponencial simple,283388.6987866118,77408.70987039794
2025-08-01,S0_total,Suavizamiento exponencial simple,293780.5243930469,77408.70987039794
2025-09-01,S0_total,Suavizamiento exponencial simple,218069.51122057904,77408.70987039794
2025-10-01,S0_total,Suavizamiento exponencial simple,255920.93232213068,77408.70987039794
2025-11-01,S0_total,Suavizamiento exponencial simple,310585.52010717517,77408.70987039794
2025-12-01,S0_total,Suavizamiento exponencial simple,365573.0218067979,77408.70987039794
2026-01-01,S0_total,Suavizamiento exponencial simple,300664.07527322107,77408.70987039794
2026-02-01,S0_total,Suavizamiento exponencial simple,236844.11361811563,77408.70987039794
2026-03-01,S0_total,Suavizamiento exponencial simple,291160.36570034793,77408.70987039794
2026-04-01,S0_total,Suavizamiento exponencial simple,260951.04561236833,77408.70987039794
2026-05-01,S0_total,Suavizamiento exponencial simple,241312.2952590584,77408.70987039794
2026-06-01,S0_total,Suavizamiento exponencial simple,245687.58097717003,77408.70987039794
2021-04-01,S0_total,Seasonal Naive,59743.1902214643,10039.0
2021-05-01,S0_total,Seasonal Naive,73873.0,9779.0
2021-06-01,S0_total,Seasonal Naive,95146.0,11817.0
2021-07-01,S0_total,Seasonal Naive,97594.66433359256,13484.0
2021-08-01,S0_total,Seasonal Naive,72327.0,15357.0
2021-09-01,S0_total,Seasonal Naive,67022.99999999996,12572.49268292683
2021-10-01,S0_total,Seasonal Naive,83528.0,16680.78434895513
2021-11-01,S0_total,Seasonal Naive,98578.0,52865.0
2021-12-01,S0_total,Seasonal Naive,223569.1278011966,55620.0
2022-01-01,S0_total,Seasonal Naive,134303.0,89960.0
2022-02-01,S0_total,Seasonal Naive,193903.6,52605.0
2022-03-01,S0_total,Seasonal Naive,227886.0,85017.39633341735
2022-04-01,S0_total,Seasonal Naive,292648.0,10039.0
2022-05-01,S0_total,Seasonal Naive,260013.0,9779.0
2022-06-01,S0_total,Seasonal Naive,269366.0,11817.0
2022-07-01,S0_total,Seasonal Naive,306246.0,13484.0
2022-08-01,S0_total,Seasonal Naive,297602.0,15357.0
2022-09-01,S0_total,Seasonal Naive,246464.0,12572.49268292683
2022-10-01,S0_total,Seasonal Naive,281938.0,16680.78434895513
2022-11-01,S0_total,Seasonal Naive,318693.0,52865.0
2022-12-01,S0_total,Seasonal Naive,400266.0,55620.0
2023-01-01,S0_total,Seasonal Naive,258166.18821264655,89960.0
2023-02-01,S0_total,Seasonal Naive,198751.85766927944,52605.0
2023-03-01,S0_total,Seasonal Naive,251839.50267324003,85017.39633341735
2023-04-01,S0_total,Seasonal Naive,283179.2556557847,10039.0
2023-05-01,S0_total,Seasonal Naive,213191.03891840696,9779.0
2023-06-01,S0_total,Seasonal Naive,224580.17382775573,11817.0
2023-07-01,S0_total,Seasonal Naive,257626.95044792976,13484.0
2023-08-01,S0_total,Seasonal Naive,264514.08794636687,15357.0
2023-09-01,S0_total,Seasonal Naive,218486.4781049799,12572.49268292683
2023-10-01,S0_total,Seasonal Naive,164499.38846570507,16680.78434895513
2023-11-01,S0_total,Seasonal Naive,255894.27623440052,52865.0
2023-12-01,S0_total,Seasonal Naive,327097.61316611955,55620.0
2024-01-01,S0_total,Seasonal Naive,292731.86680673156,89960.0
2024-02-01,S0_total,Seasonal Naive,265990.67321318097,52605.0
2024-03-01,S0_total,Seasonal Naive,322310.39400228957,85017.39633341735
2024-04-01,S0_total,Seasonal Naive,240988.81729405135,10039.0
2024-05-01,S0_total,Seasonal Naive,238807.9548151027,9779.0
2024-06-01,S0_total,Seasonal Naive,234781.22686199367,11817.0
2024-07-01,S0_total,Seasonal Naive,266974.95506929053,13484.0
2024-08-01,S0_total,Seasonal Naive,282101.83101094456,15357.0
2024-09-01,S0_total,Seasonal Naive,215658.8098341591,12572.49268292683
2024-10-01,S0_total,Seasonal Naive,249665.70083733913,16680.78434895513
2024-11-01,S0_total,Seasonal Naive,302674.076910829,52865.0
2024-12-01,S0_total,Seasonal Naive,361749.6884796847,55620.0
2025-01-01,S0_total,Seasonal Naive,289543.5982553855,89960.0
2025-02-01,S0_total,Seasonal Naive,254428.88643334268,52605.0
2025-03-01,S0_total,Seasonal Naive,278538.25098417036,85017.39633341735
2025-04-01,S0_total,Seasonal Naive,300287.6910735994,10039.0
2025-05-01,S0_total,Seasonal Naive,247981.9259720942,9779.0
2025-06-01,S0_total,Seasonal Naive,254190.0961535216,11817.0
2025-07-01,S0_total,Seasonal Naive,283388.6987866118,13484.0
2025-08-01,S0_total,Seasonal Naive,293780.5243930469,15357.0
2025-09-01,S0_total,Seasonal Naive,218069.51122057904,12572.49268292683
2025-10-01,S0_total,Seasonal Naive,255920.93232213068,16680.78434895513
2025-11-01,S0_total,Seasonal Naive,310585.52010717517,52865.0
2025-12-01,S0_total,Seasonal Naive,365573.0218067979,55620.0
2026-01-01,S0_total,Seasonal Naive,300664.07527322107,89960.0
2026-02-01,S0_total,Seasonal Naive,236844.11361811563,52605.0
2026-03-01,S0_total,Seasonal Naive,291160.36570034793,85017.39633341735
2026-04-01,S0_total,Seasonal Naive,260951.04561236833,10039.0
2026-05-01,S0_total,Seasonal Naive,241312.2952590584,9779.0
2026-06-01,S0_total,Seasonal Naive,245687.58097717003,11817.0
2021-04-01,S5_estados_unidos,"ARIMA(1,1,1)",15318.0,24111.021800746654
2021-05-01,S5_estados_unidos,"ARIMA(1,1,1)",17237.0,24606.85737862674
2021-06-01,S5_estados_unidos,"ARIMA(1,1,1)",26082.0,24758.75574240145
2021-07-01,S5_estados_unidos,"ARIMA(1,1,1)",24567.0,24804.861863997772
2021-08-01,S5_estados_unidos,"ARIMA(1,1,1)",14111.0,24818.817528065472
2021-09-01,S5_estados_unidos,"ARIMA(1,1,1)",10998.0,24823.038139919416
2021-10-01,S5_estados_unidos,"ARIMA(1,1,1)",14298.0,24824.314253578963
2021-11-01,S5_estados_unidos,"ARIMA(1,1,1)",19323.0,24824.70006026767
2021-12-01,S5_estados_unidos,"ARIMA(1,1,1)",51057.0,24824.816698252
2022-01-01,S5_estados_unidos,"ARIMA(1,1,1)",27001.0,24824.851960272452
2022-02-01,S5_estados_unidos,"ARIMA(1,1,1)",26498.0,24824.862620671265
2022-03-01,S5_estados_unidos,"ARIMA(1,1,1)",38737.0,24824.865843516367
2022-04-01,S5_estados_unidos,"ARIMA(1,1,1)",40838.0,24824.866817844668
2022-05-01,S5_estados_unidos,"ARIMA(1,1,1)",38482.0,24824.86711240291
2022-06-01,S5_estados_unidos,"ARIMA(1,1,1)",49492.0,24824.86720145354
2022-07-01,S5_estados_unidos,"ARIMA(1,1,1)",47406.0,24824.867228375286
2022-08-01,S5_estados_unidos,"ARIMA(1,1,1)",34897.0,24824.867236514263
2022-09-01,S5_estados_unidos,"ARIMA(1,1,1)",26821.0,24824.867238974846
2022-10-01,S5_estados_unidos,"ARIMA(1,1,1)",32382.0,24824.86723971872
2022-11-01,S5_estados_unidos,"ARIMA(1,1,1)",32735.0,24824.867239943625
2022-12-01,S5_estados_unidos,"ARIMA(1,1,1)",50965.0,24824.867240011627
2023-01-01,S5_estados_unidos,"ARIMA(1,1,1)",42564.85679012346,24824.867240032178
2023-02-01,S5_estados_unidos,"ARIMA(1,1,1)",41184.363046740815,24824.867240038395
2023-03-01,S5_estados_unidos,"ARIMA(1,1,1)",55213.4667036626,24824.86724004029
2023-04-01,S5_estados_unidos,"ARIMA(1,1,1)",44113.51210894952,24824.867240040865
2023-05-01,S5_estados_unidos,"ARIMA(1,1,1)",41381.57060678371,24824.86724004104
2023-06-01,S5_estados_unidos,"ARIMA(1,1,1)",60972.33456874857,24824.867240041083
2023-07-01,S5_estados_unidos,"ARIMA(1,1,1)",61402.21111111111,24824.867240041083
2023-08-01,S5_estados_unidos,"ARIMA(1,1,1)",44902.59605263158,24824.867240041083
2023-09-01,S5_estados_unidos,"ARIMA(1,1,1)",33300.637664783426,24824.867240041083
2023-10-01,S5_estados_unidos,"ARIMA(1,1,1)",28856.235897435898,24824.867240041083
2023-11-01,S5_estados_unidos,"ARIMA(1,1,1)",44110.3871460894,24824.867240041083
2023-12-01,S5_estados_unidos,"ARIMA(1,1,1)",67843.63231707318,24824.867240041083
2024-01-01,S5_estados_unidos,"ARIMA(1,1,1)",51549.98050420168,24824.867240041083
2024-02-01,S5_estados_unidos,"ARIMA(1,1,1)",56331.931939211085,24824.867240041083
2024-03-01,S5_estados_unidos,"ARIMA(1,1,1)",65814.34652526065,24824.867240041083
2024-04-01,S5_estados_unidos,"ARIMA(1,1,1)",47926.56645860106,24824.867240041083
2024-05-01,S5_estados_unidos,"ARIMA(1,1,1)",50604.94190287849,24824.867240041083
2024-06-01,S5_estados_unidos,"ARIMA(1,1,1)",70997.42091836735,24824.867240041083
2024-07-01,S5_estados_unidos,"ARIMA(1,1,1)",70063.43320926385,24824.867240041083
2024-08-01,S5_estados_unidos,"ARIMA(1,1,1)",50503.92132168998,24824.867240041083
2024-09-01,S5_estados_unidos,"ARIMA(1,1,1)",32282.807516339868,24824.867240041083
2024-10-01,S5_estados_unidos,"ARIMA(1,1,1)",39405.92157928389,24824.867240041083
2024-11-01,S5_estados_unidos,"ARIMA(1,1,1)",49135.98230088496,24824.867240041083
2024-12-01,S5_estados_unidos,"ARIMA(1,1,1)",71932.50701754386,24824.867240041083
2025-01-01,S5_estados_unidos,"ARIMA(1,1,1)",53194.70208728653,24824.867240041083
2025-02-01,S5_estados_unidos,"ARIMA(1,1,1)",49713.2784700413,24824.867240041083
2025-03-01,S5_estados_unidos,"ARIMA(1,1,1)",61290.230504297666,24824.867240041083
2025-04-01,S5_estados_unidos,"ARIMA(1,1,1)",51448.35050594361,24824.867240041083
2025-05-01,S5_estados_unidos,"ARIMA(1,1,1)",51035.18262062994,24824.867240041083
2025-06-01,S5_estados_unidos,"ARIMA(1,1,1)",67934.42191452536,24824.867240041083
2025-07-01,S5_estados_unidos,"ARIMA(1,1,1)",73557.04897780964,24824.867240041083
2025-08-01,S5_estados_unidos,"ARIMA(1,1,1)",51692.05755693582,24824.867240041083
2025-09-01,S5_estados_unidos,"ARIMA(1,1,1)",33002.422864995315,24824.867240041083
2025-10-01,S5_estados_unidos,"ARIMA(1,1,1)",45871.23336163119,24824.867240041083
2025-11-01,S5_estados_unidos,"ARIMA(1,1,1)",56053.301865460715,24824.867240041083
2025-12-01,S5_estados_unidos,"ARIMA(1,1,1)",78927.15862068966,24824.867240041083
2026-01-01,S5_estados_unidos,"ARIMA(1,1,1)",58205.9383828186,24824.867240041083
2026-02-01,S5_estados_unidos,"ARIMA(1,1,1)",56019.357142857145,24824.867240041083
2026-03-01,S5_estados_unidos,"ARIMA(1,1,1)",72509.63840109167,24824.867240041083
2026-04-01,S5_estados_unidos,"ARIMA(1,1,1)",54854.81282997855,24824.867240041083
2026-05-01,S5_estados_unidos,"ARIMA(1,1,1)",54361.72805970149,24824.867240041083
2026-06-01,S5_estados_unidos,"ARIMA(1,1,1)",65119.89089994972,24824.867240041083
2021-04-01,S5_estados_unidos,"SARIMA(1,1,1)(0,1,1,12)",15318.0,121.88410429609144
2021-05-01,S5_estados_unidos,"SARIMA(1,1,1)(0,1,1,12)",17237.0,124.6452699496504
2021-06-01,S5_estados_unidos,"SARIMA(1,1,1)(0,1,1,12)",26082.0,158.77577162620054
2021-07-01,S5_estados_unidos,"SARIMA(1,1,1)(0,1,1,12)",24567.0,163.99390928036632
2021-08-01,S5_estados_unidos,"SARIMA(1,1,1)(0,1,1,12)",14111.0,134.0585877868994
2021-09-01,S5_estados_unidos,"SARIMA(1,1,1)(0,1,1,12)",10998.0,4222.18518012474
2021-10-01,S5_estados_unidos,"SARIMA(1,1,1)(0,1,1,12)",14298.0,5876.460858442354
2021-11-01,S5_estados_unidos,"SARIMA(1,1,1)(0,1,1,12)",19323.0,18863.902282901985
2021-12-01,S5_estados_unidos,"SARIMA(1,1,1)(0,1,1,12)",51057.0,23268.2622155033
2022-01-01,S5_estados_unidos,"SARIMA(1,1,1)(0,1,1,12)",27001.0,19952.832344416172
2022-02-01,S5_estados_unidos,"SARIMA(1,1,1)(0,1,1,12)",26498.0,14606.20656275855
2022-03-01,S5_estados_unidos,"SARIMA(1,1,1)(0,1,1,12)",38737.0,25267.874949886653
2022-04-01,S5_estados_unidos,"SARIMA(1,1,1)(0,1,1,12)",40838.0,128.83509095433766
2022-05-01,S5_estados_unidos,"SARIMA(1,1,1)(0,1,1,12)",38482.0,128.70555745488005
2022-06-01,S5_estados_unidos,"SARIMA(1,1,1)(0,1,1,12)",49492.0,162.44297904629528
2022-07-01,S5_estados_unidos,"SARIMA(1,1,1)(0,1,1,12)",47406.0,167.17848367645942
2022-08-01,S5_estados_unidos,"SARIMA(1,1,1)(0,1,1,12)",34897.0,136.47235450619596
2022-09-01,S5_estados_unidos,"SARIMA(1,1,1)(0,1,1,12)",26821.0,4295.295770205827
2022-10-01,S5_estados_unidos,"SARIMA(1,1,1)(0,1,1,12)",32382.0,5976.918064542086
2022-11-01,S5_estados_unidos,"SARIMA(1,1,1)(0,1,1,12)",32735.0,19184.713306133108
2022-12-01,S5_estados_unidos,"SARIMA(1,1,1)(0,1,1,12)",50965.0,23663.18514659212
2023-01-01,S5_estados_unidos,"SARIMA(1,1,1)(0,1,1,12)",42564.85679012346,20291.22128454808
2023-02-01,S5_estados_unidos,"SARIMA(1,1,1)(0,1,1,12)",41184.363046740815,14853.848139037163
2023-03-01,S5_estados_unidos,"SARIMA(1,1,1)(0,1,1,12)",55213.4667036626,25696.21621531743
2023-04-01,S5_estados_unidos,"SARIMA(1,1,1)(0,1,1,12)",44113.51210894952,131.0358654240755
2023-05-01,S5_estados_unidos,"SARIMA(1,1,1)(0,1,1,12)",41381.57060678371,130.90409542469794
2023-06-01,S5_estados_unidos,"SARIMA(1,1,1)(0,1,1,12)",60972.33456874857,165.21335360202545
2023-07-01,S5_estados_unidos,"SARIMA(1,1,1)(0,1,1,12)",61402.21111111111,170.0291173471277
2023-08-01,S5_estados_unidos,"SARIMA(1,1,1)(0,1,1,12)",44902.59605263158,138.8025151432934
2023-09-01,S5_estados_unidos,"SARIMA(1,1,1)(0,1,1,12)",33300.637664783426,4368.118083575315
2023-10-01,S5_estados_unidos,"SARIMA(1,1,1)(0,1,1,12)",28856.235897435898,6078.24389745315
2023-11-01,S5_estados_unidos,"SARIMA(1,1,1)(0,1,1,12)",44110.3871460894,19509.911515257
2023-12-01,S5_estados_unidos,"SARIMA(1,1,1)(0,1,1,12)",67843.63231707318,24064.293528773436
2024-01-01,S5_estados_unidos,"SARIMA(1,1,1)(0,1,1,12)",51549.98050420168,20635.174812416233
2024-02-01,S5_estados_unidos,"SARIMA(1,1,1)(0,1,1,12)",56331.931939211085,15105.638090012926
2024-03-01,S5_estados_unidos,"SARIMA(1,1,1)(0,1,1,12)",65814.34652526065,26131.7845052185
2024-04-01,S5_estados_unidos,"SARIMA(1,1,1)(0,1,1,12)",47926.56645860106,133.27387578248135
2024-05-01,S5_estados_unidos,"SARIMA(1,1,1)(0,1,1,12)",50604.94190287849,133.13987227862603
2024-06-01,S5_estados_unidos,"SARIMA(1,1,1)(0,1,1,12)",70997.42091836735,168.03067301553222
2024-07-01,S5_estados_unidos,"SARIMA(1,1,1)(0,1,1,12)",70063.43320926385,172.92806404495028
2024-08-01,S5_estados_unidos,"SARIMA(1,1,1)(0,1,1,12)",50503.92132168998,141.17217035699187
2024-09-01,S5_estados_unidos,"SARIMA(1,1,1)(0,1,1,12)",32282.807516339868,4442.174715784948
2024-10-01,S5_estados_unidos,"SARIMA(1,1,1)(0,1,1,12)",39405.92157928389,6181.28719379199
2024-11-01,S5_estados_unidos,"SARIMA(1,1,1)(0,1,1,12)",49135.98230088496,19840.621825785598
2024-12-01,S5_estados_unidos,"SARIMA(1,1,1)(0,1,1,12)",71932.50701754386,24472.20069854537
2025-01-01,S5_estados_unidos,"SARIMA(1,1,1)(0,1,1,12)",53194.70208728653,20984.958356613864
2025-02-01,S5_estados_unidos,"SARIMA(1,1,1)(0,1,1,12)",49713.2784700413,15361.695884641405
2025-03-01,S5_estados_unidos,"SARIMA(1,1,1)(0,1,1,12)",61290.230504297666,26574.73568522539
2025-04-01,S5_estados_unidos,"SARIMA(1,1,1)(0,1,1,12)",51448.35050594361,135.54982045688342
2025-05-01,S5_estados_unidos,"SARIMA(1,1,1)(0,1,1,12)",51035.18262062994,135.41354559116283
2025-06-01,S5_estados_unidos,"SARIMA(1,1,1)(0,1,1,12)",67934.42191452536,170.89574604495385
2025-07-01,S5_estados_unidos,"SARIMA(1,1,1)(0,1,1,12)",73557.04897780964,175.8761479427699
2025-08-01,S5_estados_unidos,"SARIMA(1,1,1)(0,1,1,12)",51692.05755693582,143.5819912703046
2025-09-01,S5_estados_unidos,"SARIMA(1,1,1)(0,1,1,12)",33002.422864995315,4517.486609277993
2025-10-01,S5_estados_unidos,"SARIMA(1,1,1)(0,1,1,12)",45871.23336163119,6286.077075906726
2025-11-01,S5_estados_unidos,"SARIMA(1,1,1)(0,1,1,12)",56053.301865460715,20176.937682185293
2025-12-01,S5_estados_unidos,"SARIMA(1,1,1)(0,1,1,12)",78927.15862068966,24887.02190237844
2026-01-01,S5_estados_unidos,"SARIMA(1,1,1)(0,1,1,12)",58205.9383828186,21340.670738345718
2026-02-01,S5_estados_unidos,"SARIMA(1,1,1)(0,1,1,12)",56019.357142857145,15622.09386361794
2026-03-01,S5_estados_unidos,"SARIMA(1,1,1)(0,1,1,12)",72509.63840109167,27025.194895914166
2026-04-01,S5_estados_unidos,"SARIMA(1,1,1)(0,1,1,12)",54854.81282997855,137.86434243555053
2026-05-01,S5_estados_unidos,"SARIMA(1,1,1)(0,1,1,12)",54361.72805970149,137.72575770833913
2026-06-01,S5_estados_unidos,"SARIMA(1,1,1)(0,1,1,12)",65119.89089994972,173.80938211513856
2021-04-01,S5_estados_unidos,"SARIMA(2,1,1)(1,1,0,12)",15318.0,403216.99101375276
2021-05-01,S5_estados_unidos,"SARIMA(2,1,1)(1,1,0,12)",17237.0,750728.5449262672
2021-06-01,S5_estados_unidos,"SARIMA(2,1,1)(1,1,0,12)",26082.0,678475.3118764685
2021-07-01,S5_estados_unidos,"SARIMA(2,1,1)(1,1,0,12)",24567.0,1441752.281821864
2021-08-01,S5_estados_unidos,"SARIMA(2,1,1)(1,1,0,12)",14111.0,405999.92987354874
2021-09-01,S5_estados_unidos,"SARIMA(2,1,1)(1,1,0,12)",10998.0,25701.78966250491
2021-10-01,S5_estados_unidos,"SARIMA(2,1,1)(1,1,0,12)",14298.0,16631.447946608132
2021-11-01,S5_estados_unidos,"SARIMA(2,1,1)(1,1,0,12)",19323.0,16317.164409424524
2021-12-01,S5_estados_unidos,"SARIMA(2,1,1)(1,1,0,12)",51057.0,13743.551925839023
2022-01-01,S5_estados_unidos,"SARIMA(2,1,1)(1,1,0,12)",27001.0,18539.2830258026
2022-02-01,S5_estados_unidos,"SARIMA(2,1,1)(1,1,0,12)",26498.0,13064.961456639912
2022-03-01,S5_estados_unidos,"SARIMA(2,1,1)(1,1,0,12)",38737.0,4751.154081714422
2022-04-01,S5_estados_unidos,"SARIMA(2,1,1)(1,1,0,12)",40838.0,0.0
2022-05-01,S5_estados_unidos,"SARIMA(2,1,1)(1,1,0,12)",38482.0,0.0
2022-06-01,S5_estados_unidos,"SARIMA(2,1,1)(1,1,0,12)",49492.0,0.0
2022-07-01,S5_estados_unidos,"SARIMA(2,1,1)(1,1,0,12)",47406.0,0.0
2022-08-01,S5_estados_unidos,"SARIMA(2,1,1)(1,1,0,12)",34897.0,0.0
2022-09-01,S5_estados_unidos,"SARIMA(2,1,1)(1,1,0,12)",26821.0,68.88311569840062
2022-10-01,S5_estados_unidos,"SARIMA(2,1,1)(1,1,0,12)",32382.0,90.21542212108483
2022-11-01,S5_estados_unidos,"SARIMA(2,1,1)(1,1,0,12)",32735.0,2621.4998423688935
2022-12-01,S5_estados_unidos,"SARIMA(2,1,1)(1,1,0,12)",50965.0,2101.773480820898
2023-01-01,S5_estados_unidos,"SARIMA(2,1,1)(1,1,0,12)",42564.85679012346,2588.9339618080276
2023-02-01,S5_estados_unidos,"SARIMA(2,1,1)(1,1,0,12)",41184.363046740815,882.292397311083
2023-03-01,S5_estados_unidos,"SARIMA(2,1,1)(1,1,0,12)",55213.4667036626,11482.444729981791
2023-04-01,S5_estados_unidos,"SARIMA(2,1,1)(1,1,0,12)",44113.51210894952,244794931.96949324
2023-05-01,S5_estados_unidos,"SARIMA(2,1,1)(1,1,0,12)",41381.57060678371,757774140.8936181
2023-06-01,S5_estados_unidos,"SARIMA(2,1,1)(1,1,0,12)",60972.33456874857,557056916.2025696
2023-07-01,S5_estados_unidos,"SARIMA(2,1,1)(1,1,0,12)",61402.21111111111,2103800025.192857
2023-08-01,S5_estados_unidos,"SARIMA(2,1,1)(1,1,0,12)",44902.59605263158,249628877.9545817
2023-09-01,S5_estados_unidos,"SARIMA(2,1,1)(1,1,0,12)",33300.637664783426,74340.50230040848
2023-10-01,S5_estados_unidos,"SARIMA(2,1,1)(1,1,0,12)",28856.235897435898,26393.40236784773
2023-11-01,S5_estados_unidos,"SARIMA(2,1,1)(1,1,0,12)",44110.3871460894,8911.504825281017
2023-12-01,S5_estados_unidos,"SARIMA(2,1,1)(1,1,0,12)",67843.63231707318,5690.175638497651
2024-01-01,S5_estados_unidos,"SARIMA(2,1,1)(1,1,0,12)",51549.98050420168,10625.475017846244
2024-02-01,S5_estados_unidos,"SARIMA(2,1,1)(1,1,0,12)",56331.931939211085,7602.635860029389
2024-03-01,S5_estados_unidos,"SARIMA(2,1,1)(1,1,0,12)",65814.34652526065,847.2729865174364
2024-04-01,S5_estados_unidos,"SARIMA(2,1,1)(1,1,0,12)",47926.56645860106,0.0
2024-05-01,S5_estados_unidos,"SARIMA(2,1,1)(1,1,0,12)",50604.94190287849,0.0
2024-06-01,S5_estados_unidos,"SARIMA(2,1,1)(1,1,0,12)",70997.42091836735,0.0
2024-07-01,S5_estados_unidos,"SARIMA(2,1,1)(1,1,0,12)",70063.43320926385,0.0
2024-08-01,S5_estados_unidos,"SARIMA(2,1,1)(1,1,0,12)",50503.92132168998,0.0
2024-09-01,S5_estados_unidos,"SARIMA(2,1,1)(1,1,0,12)",32282.807516339868,0.02862690940435076
2024-10-01,S5_estados_unidos,"SARIMA(2,1,1)(1,1,0,12)",39405.92157928389,0.8282065541518868
2024-11-01,S5_estados_unidos,"SARIMA(2,1,1)(1,1,0,12)",49135.98230088496,395.1399324334066
2024-12-01,S5_estados_unidos,"SARIMA(2,1,1)(1,1,0,12)",71932.50701754386,282.1156719581347
2025-01-01,S5_estados_unidos,"SARIMA(2,1,1)(1,1,0,12)",53194.70208728653,359.18585341064835
2025-02-01,S5_estados_unidos,"SARIMA(2,1,1)(1,1,0,12)",49713.2784700413,73.75792410341579
2025-03-01,S5_estados_unidos,"SARIMA(2,1,1)(1,1,0,12)",61290.230504297666,8122.357653849596
2025-04-01,S5_estados_unidos,"SARIMA(2,1,1)(1,1,0,12)",51448.35050594361,330580957220904.25
2025-05-01,S5_estados_unidos,"SARIMA(2,1,1)(1,1,0,12)",51035.18262062994,1801987172373468.0
2025-06-01,S5_estados_unidos,"SARIMA(2,1,1)(1,1,0,12)",67934.42191452536,1349137750032672.8
2025-07-01,S5_estados_unidos,"SARIMA(2,1,1)(1,1,0,12)",73557.04897780964,1.050088626727171e+16
2025-08-01,S5_estados_unidos,"SARIMA(2,1,1)(1,1,0,12)",51692.05755693582,337098993957638.9
2025-09-01,S5_estados_unidos,"SARIMA(2,1,1)(1,1,0,12)",33002.422864995315,1693789.8564459041
2025-10-01,S5_estados_unidos,"SARIMA(2,1,1)(1,1,0,12)",45871.23336163119,267929.8715222843
2025-11-01,S5_estados_unidos,"SARIMA(2,1,1)(1,1,0,12)",56053.301865460715,7596.805945804648
2025-12-01,S5_estados_unidos,"SARIMA(2,1,1)(1,1,0,12)",78927.15862068966,4007.7017230668603
2026-01-01,S5_estados_unidos,"SARIMA(2,1,1)(1,1,0,12)",58205.9383828186,10069.629663629416
2026-02-01,S5_estados_unidos,"SARIMA(2,1,1)(1,1,0,12)",56019.357142857145,10391.924951503153
2026-03-01,S5_estados_unidos,"SARIMA(2,1,1)(1,1,0,12)",72509.63840109167,79.81372957982256
2026-04-01,S5_estados_unidos,"SARIMA(2,1,1)(1,1,0,12)",54854.81282997855,0.0
2026-05-01,S5_estados_unidos,"SARIMA(2,1,1)(1,1,0,12)",54361.72805970149,0.0
2026-06-01,S5_estados_unidos,"SARIMA(2,1,1)(1,1,0,12)",65119.89089994972,0.0
2021-04-01,S5_estados_unidos,"auto_arima(0, 1, 0)x(0, 1, 0, 12)",15318.0,0.26633335205886904
2021-05-01,S5_estados_unidos,"auto_arima(0, 1, 0)x(0, 1, 0, 12)",17237.0,0.26633335205886677
2021-06-01,S5_estados_unidos,"auto_arima(0, 1, 0)x(0, 1, 0, 12)",26082.0,0.2663333520588668
2021-07-01,S5_estados_unidos,"auto_arima(0, 1, 0)x(0, 1, 0, 12)",24567.0,0.26633335205886677
2021-08-01,S5_estados_unidos,"auto_arima(0, 1, 0)x(0, 1, 0, 12)",14111.0,0.26633335205886677
2021-09-01,S5_estados_unidos,"auto_arima(0, 1, 0)x(0, 1, 0, 12)",10998.0,1202.0166844559237
2021-10-01,S5_estados_unidos,"auto_arima(0, 1, 0)x(0, 1, 0, 12)",14298.0,1765.6506643407088
2021-11-01,S5_estados_unidos,"auto_arima(0, 1, 0)x(0, 1, 0, 12)",19323.0,14021.109207347821
2021-12-01,S5_estados_unidos,"auto_arima(0, 1, 0)x(0, 1, 0, 12)",51057.0,15424.206561429048
2022-01-01,S5_estados_unidos,"auto_arima(0, 1, 0)x(0, 1, 0, 12)",27001.0,14547.903881804343
2022-02-01,S5_estados_unidos,"auto_arima(0, 1, 0)x(0, 1, 0, 12)",26498.0,8132.659120274111
2022-03-01,S5_estados_unidos,"auto_arima(0, 1, 0)x(0, 1, 0, 12)",38737.0,28544.686422111005
2022-04-01,S5_estados_unidos,"auto_arima(0, 1, 0)x(0, 1, 0, 12)",40838.0,0.6036001585366544
2022-05-01,S5_estados_unidos,"auto_arima(0, 1, 0)x(0, 1, 0, 12)",38482.0,0.6036001585366515
2022-06-01,S5_estados_unidos,"auto_arima(0, 1, 0)x(0, 1, 0, 12)",49492.0,0.6036001585366516
2022-07-01,S5_estados_unidos,"auto_arima(0, 1, 0)x(0, 1, 0, 12)",47406.0,0.6036001585366515
2022-08-01,S5_estados_unidos,"auto_arima(0, 1, 0)x(0, 1, 0, 12)",34897.0,0.6036001585366515
2022-09-01,S5_estados_unidos,"auto_arima(0, 1, 0)x(0, 1, 0, 12)",26821.0,1522.420150609819
2022-10-01,S5_estados_unidos,"auto_arima(0, 1, 0)x(0, 1, 0, 12)",32382.0,2236.1686576916018
2022-11-01,S5_estados_unidos,"auto_arima(0, 1, 0)x(0, 1, 0, 12)",32735.0,17755.664555476327
2022-12-01,S5_estados_unidos,"auto_arima(0, 1, 0)x(0, 1, 0, 12)",50965.0,19532.45353113494
2023-01-01,S5_estados_unidos,"auto_arima(0, 1, 0)x(0, 1, 0, 12)",42564.85679012346,18422.76222142762
2023-02-01,S5_estados_unidos,"auto_arima(0, 1, 0)x(0, 1, 0, 12)",41184.363046740815,10298.923818280924
2023-03-01,S5_estados_unidos,"auto_arima(0, 1, 0)x(0, 1, 0, 12)",55213.4667036626,36147.354773733234
2023-04-01,S5_estados_unidos,"auto_arima(0, 1, 0)x(0, 1, 0, 12)",44113.51210894952,1.0306923641218588
2023-05-01,S5_estados_unidos,"auto_arima(0, 1, 0)x(0, 1, 0, 12)",41381.57060678371,1.0306923641218553
2023-06-01,S5_estados_unidos,"auto_arima(0, 1, 0)x(0, 1, 0, 12)",60972.33456874857,1.0306923641218553
2023-07-01,S5_estados_unidos,"auto_arima(0, 1, 0)x(0, 1, 0, 12)",61402.21111111111,1.0306923641218553
2023-08-01,S5_estados_unidos,"auto_arima(0, 1, 0)x(0, 1, 0, 12)",44902.59605263158,1.0306923641218553
2023-09-01,S5_estados_unidos,"auto_arima(0, 1, 0)x(0, 1, 0, 12)",33300.637664783426,1928.157745915763
2023-10-01,S5_estados_unidos,"auto_arima(0, 1, 0)x(0, 1, 0, 12)",28856.235897435898,2832.0012854156516
2023-11-01,S5_estados_unidos,"auto_arima(0, 1, 0)x(0, 1, 0, 12)",44110.3871460894,22484.85654792129
2023-12-01,S5_estados_unidos,"auto_arima(0, 1, 0)x(0, 1, 0, 12)",67843.63231707318,24734.863687368306
2024-01-01,S5_estados_unidos,"auto_arima(0, 1, 0)x(0, 1, 0, 12)",51549.98050420168,23329.624571396034
2024-02-01,S5_estados_unidos,"auto_arima(0, 1, 0)x(0, 1, 0, 12)",56331.931939211085,13042.137054754692
2024-03-01,S5_estados_unidos,"auto_arima(0, 1, 0)x(0, 1, 0, 12)",65814.34652526065,45774.867272034906
2024-04-01,S5_estados_unidos,"auto_arima(0, 1, 0)x(0, 1, 0, 12)",47926.56645860106,1.5715334684587876
2024-05-01,S5_estados_unidos,"auto_arima(0, 1, 0)x(0, 1, 0, 12)",50604.94190287849,1.571533468458783
2024-06-01,S5_estados_unidos,"auto_arima(0, 1, 0)x(0, 1, 0, 12)",70997.42091836735,1.571533468458783
2024-07-01,S5_estados_unidos,"auto_arima(0, 1, 0)x(0, 1, 0, 12)",70063.43320926385,1.571533468458783
2024-08-01,S5_estados_unidos,"auto_arima(0, 1, 0)x(0, 1, 0, 12)",50503.92132168998,1.571533468458783
2024-09-01,S5_estados_unidos,"auto_arima(0, 1, 0)x(0, 1, 0, 12)",32282.807516339868,2441.956795035844
2024-10-01,S5_estados_unidos,"auto_arima(0, 1, 0)x(0, 1, 0, 12)",39405.92157928389,3586.524014147493
2024-11-01,S5_estados_unidos,"auto_arima(0, 1, 0)x(0, 1, 0, 12)",49135.98230088496,28473.590096244083
2024-12-01,S5_estados_unidos,"auto_arima(0, 1, 0)x(0, 1, 0, 12)",71932.50701754386,31322.849179296416
2025-01-01,S5_estados_unidos,"auto_arima(0, 1, 0)x(0, 1, 0, 12)",53194.70208728653,29543.348019123005
2025-02-01,S5_estados_unidos,"auto_arima(0, 1, 0)x(0, 1, 0, 12)",49713.2784700413,16515.959467910783
2025-03-01,S5_estados_unidos,"auto_arima(0, 1, 0)x(0, 1, 0, 12)",61290.230504297666,57966.507445997944
2025-04-01,S5_estados_unidos,"auto_arima(0, 1, 0)x(0, 1, 0, 12)",51448.35050594361,2.256418597044992
2025-05-01,S5_estados_unidos,"auto_arima(0, 1, 0)x(0, 1, 0, 12)",51035.18262062994,2.2564185970449864
2025-06-01,S5_estados_unidos,"auto_arima(0, 1, 0)x(0, 1, 0, 12)",67934.42191452536,2.2564185970449864
2025-07-01,S5_estados_unidos,"auto_arima(0, 1, 0)x(0, 1, 0, 12)",73557.04897780964,2.2564185970449864
2025-08-01,S5_estados_unidos,"auto_arima(0, 1, 0)x(0, 1, 0, 12)",51692.05755693582,2.2564185970449864
2025-09-01,S5_estados_unidos,"auto_arima(0, 1, 0)x(0, 1, 0, 12)",33002.422864995315,3092.5976671927374
2025-10-01,S5_estados_unidos,"auto_arima(0, 1, 0)x(0, 1, 0, 12)",45871.23336163119,4542.001310427092
2025-11-01,S5_estados_unidos,"auto_arima(0, 1, 0)x(0, 1, 0, 12)",56053.301865460715,36057.32312507911
2025-12-01,S5_estados_unidos,"auto_arima(0, 1, 0)x(0, 1, 0, 12)",78927.15862068966,39665.434930604955
2026-01-01,S5_estados_unidos,"auto_arima(0, 1, 0)x(0, 1, 0, 12)",58205.9383828186,37411.993261449905
2026-02-01,S5_estados_unidos,"auto_arima(0, 1, 0)x(0, 1, 0, 12)",56019.357142857145,20914.97664881997
2026-03-01,S5_estados_unidos,"auto_arima(0, 1, 0)x(0, 1, 0, 12)",72509.63840109167,73405.18801458816
2026-04-01,S5_estados_unidos,"auto_arima(0, 1, 0)x(0, 1, 0, 12)",54854.81282997855,3.1237114777028316
2026-05-01,S5_estados_unidos,"auto_arima(0, 1, 0)x(0, 1, 0, 12)",54361.72805970149,3.1237114777028245
2026-06-01,S5_estados_unidos,"auto_arima(0, 1, 0)x(0, 1, 0, 12)",65119.89089994972,3.1237114777028245
2021-04-01,S5_estados_unidos,Prophet,15318.0,19623.886710475093
2021-05-01,S5_estados_unidos,Prophet,17237.0,17567.857227408284
2021-06-01,S5_estados_unidos,Prophet,26082.0,31368.44147405737
2021-07-01,S5_estados_unidos,Prophet,24567.0,32722.151922792662
2021-08-01,S5_estados_unidos,Prophet,14111.0,19887.05929814264
2021-09-01,S5_estados_unidos,Prophet,10998.0,9924.137884622245
2021-10-01,S5_estados_unidos,Prophet,14298.0,14578.438261297462
2021-11-01,S5_estados_unidos,Prophet,19323.0,17725.757123263495
2021-12-01,S5_estados_unidos,Prophet,51057.0,27771.32068063146
2022-01-01,S5_estados_unidos,Prophet,27001.0,19589.72856433628
2022-02-01,S5_estados_unidos,Prophet,26498.0,19091.313846651683
2022-03-01,S5_estados_unidos,Prophet,38737.0,26908.15833986301
2022-04-01,S5_estados_unidos,Prophet,40838.0,17227.221848674966
2022-05-01,S5_estados_unidos,Prophet,38482.0,15189.119158929625
2022-06-01,S5_estados_unidos,Prophet,49492.0,29219.758154834697
2022-07-01,S5_estados_unidos,Prophet,47406.0,30476.953872057682
2022-08-01,S5_estados_unidos,Prophet,34897.0,17375.16974231538
2022-09-01,S5_estados_unidos,Prophet,26821.0,7324.035601809426
2022-10-01,S5_estados_unidos,Prophet,32382.0,12205.82515633152
2022-11-01,S5_estados_unidos,Prophet,32735.0,15377.865628849882
2022-12-01,S5_estados_unidos,Prophet,50965.0,25578.637344393836
2023-01-01,S5_estados_unidos,Prophet,42564.85679012346,17203.447693680355
2023-02-01,S5_estados_unidos,Prophet,41184.363046740815,16701.210291321113
2023-03-01,S5_estados_unidos,Prophet,55213.4667036626,24310.58004605667
2023-04-01,S5_estados_unidos,Prophet,44113.51210894952,14837.2422724792
2023-05-01,S5_estados_unidos,Prophet,41381.57060678371,12818.94584129765
2023-06-01,S5_estados_unidos,Prophet,60972.33456874857,27069.280087069208
2023-07-01,S5_estados_unidos,Prophet,61402.21111111111,28220.87476663207
2023-08-01,S5_estados_unidos,Prophet,44902.59605263158,14857.592320862743
2023-09-01,S5_estados_unidos,Prophet,33300.637664783426,4729.27938467248
2023-10-01,S5_estados_unidos,Prophet,28856.235897435898,9839.312089429151
2023-11-01,S5_estados_unidos,Prophet,44110.3871460894,13035.05644056259
2023-12-01,S5_estados_unidos,Prophet,67843.63231707318,23380.836685772378
2024-01-01,S5_estados_unidos,Prophet,51549.98050420168,14813.925073302662
2024-02-01,S5_estados_unidos,Prophet,56331.931939211085,14308.603527550784
2024-03-01,S5_estados_unidos,Prophet,65814.34652526065,22568.393454205256
2024-04-01,S5_estados_unidos,Prophet,47926.56645860106,12499.937821401634
2024-05-01,S5_estados_unidos,Prophet,50604.94190287849,10428.177112898757
2024-06-01,S5_estados_unidos,Prophet,70997.42091836735,23988.615590875084
2024-07-01,S5_estados_unidos,Prophet,70063.43320926385,25429.42996914972
2024-08-01,S5_estados_unidos,Prophet,50503.92132168998,12865.784011473994
2024-09-01,S5_estados_unidos,Prophet,32282.807516339868,3002.090794269485
2024-10-01,S5_estados_unidos,Prophet,39405.92157928389,7430.025591477316
2024-11-01,S5_estados_unidos,Prophet,49135.98230088496,10551.776905380326
2024-12-01,S5_estados_unidos,Prophet,71932.50701754386,20432.008271142986
2025-01-01,S5_estados_unidos,Prophet,53194.70208728653,12445.627325471258
2025-02-01,S5_estados_unidos,Prophet,49713.2784700413,11951.75883608027
2025-03-01,S5_estados_unidos,Prophet,61290.230504297666,19976.09806939096
2025-04-01,S5_estados_unidos,Prophet,51448.35050594361,10096.742786599545
2025-05-01,S5_estados_unidos,Prophet,51035.18262062994,8040.713303532675
2025-06-01,S5_estados_unidos,Prophet,67934.42191452536,21841.29755017961
2025-07-01,S5_estados_unidos,Prophet,73557.04897780964,23195.007998918398
2025-08-01,S5_estados_unidos,Prophet,51692.05755693582,10359.915374269905
2025-09-01,S5_estados_unidos,Prophet,33002.422864995315,396.99396074943434
2025-10-01,S5_estados_unidos,Prophet,45871.23336163119,5051.294337422598
2025-11-01,S5_estados_unidos,Prophet,56053.301865460715,8198.61319938738
2025-12-01,S5_estados_unidos,Prophet,78927.15862068966,18244.1767567563
2026-01-01,S5_estados_unidos,Prophet,58205.9383828186,10062.584640461435
2026-02-01,S5_estados_unidos,Prophet,56019.357142857145,9564.16992277511
2026-03-01,S5_estados_unidos,Prophet,72509.63840109167,17381.014415988207
2026-04-01,S5_estados_unidos,Prophet,54854.81282997855,7700.077924799475
2026-05-01,S5_estados_unidos,Prophet,54361.72805970149,5661.975235055997
2026-06-01,S5_estados_unidos,Prophet,65119.89089994972,19692.614230960222
2021-04-01,S5_estados_unidos,Holt-Winters,15318.0,11916.50839756508
2021-05-01,S5_estados_unidos,Holt-Winters,17237.0,10344.19391353718
2021-06-01,S5_estados_unidos,Holt-Winters,26082.0,24171.734079359358
2021-07-01,S5_estados_unidos,Holt-Winters,24567.0,25879.660425001333
2021-08-01,S5_estados_unidos,Holt-Winters,14111.0,13099.229636124746
2021-09-01,S5_estados_unidos,Holt-Winters,10998.0,3693.92422761357
2021-10-01,S5_estados_unidos,Holt-Winters,14298.0,8234.372715866324
2021-11-01,S5_estados_unidos,Holt-Winters,19323.0,11020.116582386947
2021-12-01,S5_estados_unidos,Holt-Winters,51057.0,21018.173970794574
2022-01-01,S5_estados_unidos,Holt-Winters,27001.0,12871.822364113385
2022-02-01,S5_estados_unidos,Holt-Winters,26498.0,13000.882698557292
2022-03-01,S5_estados_unidos,Holt-Winters,38737.0,21456.643615481044
2022-04-01,S5_estados_unidos,Holt-Winters,40838.0,11916.508397565072
2022-05-01,S5_estados_unidos,Holt-Winters,38482.0,10344.193913537174
2022-06-01,S5_estados_unidos,Holt-Winters,49492.0,24171.734079359354
2022-07-01,S5_estados_unidos,Holt-Winters,47406.0,25879.660425001326
2022-08-01,S5_estados_unidos,Holt-Winters,34897.0,13099.229636124745
2022-09-01,S5_estados_unidos,Holt-Winters,26821.0,3693.9242276135683
2022-10-01,S5_estados_unidos,Holt-Winters,32382.0,8234.372715866322
2022-11-01,S5_estados_unidos,Holt-Winters,32735.0,11020.116582386947
2022-12-01,S5_estados_unidos,Holt-Winters,50965.0,21018.173970794574
2023-01-01,S5_estados_unidos,Holt-Winters,42564.85679012346,12871.822364113385
2023-02-01,S5_estados_unidos,Holt-Winters,41184.363046740815,13000.882698557292
2023-03-01,S5_estados_unidos,Holt-Winters,55213.4667036626,21456.643615481044
2023-04-01,S5_estados_unidos,Holt-Winters,44113.51210894952,11916.50839756507
2023-05-01,S5_estados_unidos,Holt-Winters,41381.57060678371,10344.193913537172
2023-06-01,S5_estados_unidos,Holt-Winters,60972.33456874857,24171.734079359354
2023-07-01,S5_estados_unidos,Holt-Winters,61402.21111111111,25879.660425001326
2023-08-01,S5_estados_unidos,Holt-Winters,44902.59605263158,13099.229636124743
2023-09-01,S5_estados_unidos,Holt-Winters,33300.637664783426,3693.9242276135665
2023-10-01,S5_estados_unidos,Holt-Winters,28856.235897435898,8234.37271586632
2023-11-01,S5_estados_unidos,Holt-Winters,44110.3871460894,11020.116582386945
2023-12-01,S5_estados_unidos,Holt-Winters,67843.63231707318,21018.17397079457
2024-01-01,S5_estados_unidos,Holt-Winters,51549.98050420168,12871.822364113383
2024-02-01,S5_estados_unidos,Holt-Winters,56331.931939211085,13000.882698557292
2024-03-01,S5_estados_unidos,Holt-Winters,65814.34652526065,21456.643615481044
2024-04-01,S5_estados_unidos,Holt-Winters,47926.56645860106,11916.50839756507
2024-05-01,S5_estados_unidos,Holt-Winters,50604.94190287849,10344.193913537172
2024-06-01,S5_estados_unidos,Holt-Winters,70997.42091836735,24171.734079359354
2024-07-01,S5_estados_unidos,Holt-Winters,70063.43320926385,25879.660425001326
2024-08-01,S5_estados_unidos,Holt-Winters,50503.92132168998,13099.229636124743
2024-09-01,S5_estados_unidos,Holt-Winters,32282.807516339868,3693.9242276135665
2024-10-01,S5_estados_unidos,Holt-Winters,39405.92157928389,8234.37271586632
2024-11-01,S5_estados_unidos,Holt-Winters,49135.98230088496,11020.116582386945
2024-12-01,S5_estados_unidos,Holt-Winters,71932.50701754386,21018.17397079457
2025-01-01,S5_estados_unidos,Holt-Winters,53194.70208728653,12871.822364113383
2025-02-01,S5_estados_unidos,Holt-Winters,49713.2784700413,13000.882698557292
2025-03-01,S5_estados_unidos,Holt-Winters,61290.230504297666,21456.643615481044
2025-04-01,S5_estados_unidos,Holt-Winters,51448.35050594361,11916.50839756507
2025-05-01,S5_estados_unidos,Holt-Winters,51035.18262062994,10344.193913537172
2025-06-01,S5_estados_unidos,Holt-Winters,67934.42191452536,24171.734079359354
2025-07-01,S5_estados_unidos,Holt-Winters,73557.04897780964,25879.660425001326
2025-08-01,S5_estados_unidos,Holt-Winters,51692.05755693582,13099.229636124743
2025-09-01,S5_estados_unidos,Holt-Winters,33002.422864995315,3693.9242276135665
2025-10-01,S5_estados_unidos,Holt-Winters,45871.23336163119,8234.37271586632
2025-11-01,S5_estados_unidos,Holt-Winters,56053.301865460715,11020.116582386945
2025-12-01,S5_estados_unidos,Holt-Winters,78927.15862068966,21018.17397079457
2026-01-01,S5_estados_unidos,Holt-Winters,58205.9383828186,12871.822364113383
2026-02-01,S5_estados_unidos,Holt-Winters,56019.357142857145,13000.882698557292
2026-03-01,S5_estados_unidos,Holt-Winters,72509.63840109167,21456.643615481044
2026-04-01,S5_estados_unidos,Holt-Winters,54854.81282997855,11916.50839756507
2026-05-01,S5_estados_unidos,Holt-Winters,54361.72805970149,10344.193913537172
2026-06-01,S5_estados_unidos,Holt-Winters,65119.89089994972,24171.734079359354
2021-04-01,S5_estados_unidos,Suavizamiento exponencial simple,15318.0,13761.07126694494
2021-05-01,S5_estados_unidos,Suavizamiento exponencial simple,17237.0,13761.07126694494
2021-06-01,S5_estados_unidos,Suavizamiento exponencial simple,26082.0,13761.07126694494
2021-07-01,S5_estados_unidos,Suavizamiento exponencial simple,24567.0,13761.07126694494
2021-08-01,S5_estados_unidos,Suavizamiento exponencial simple,14111.0,13761.07126694494
2021-09-01,S5_estados_unidos,Suavizamiento exponencial simple,10998.0,13761.07126694494
2021-10-01,S5_estados_unidos,Suavizamiento exponencial simple,14298.0,13761.07126694494
2021-11-01,S5_estados_unidos,Suavizamiento exponencial simple,19323.0,13761.07126694494
2021-12-01,S5_estados_unidos,Suavizamiento exponencial simple,51057.0,13761.07126694494
2022-01-01,S5_estados_unidos,Suavizamiento exponencial simple,27001.0,13761.07126694494
2022-02-01,S5_estados_unidos,Suavizamiento exponencial simple,26498.0,13761.07126694494
2022-03-01,S5_estados_unidos,Suavizamiento exponencial simple,38737.0,13761.07126694494
2022-04-01,S5_estados_unidos,Suavizamiento exponencial simple,40838.0,13761.07126694494
2022-05-01,S5_estados_unidos,Suavizamiento exponencial simple,38482.0,13761.07126694494
2022-06-01,S5_estados_unidos,Suavizamiento exponencial simple,49492.0,13761.07126694494
2022-07-01,S5_estados_unidos,Suavizamiento exponencial simple,47406.0,13761.07126694494
2022-08-01,S5_estados_unidos,Suavizamiento exponencial simple,34897.0,13761.07126694494
2022-09-01,S5_estados_unidos,Suavizamiento exponencial simple,26821.0,13761.07126694494
2022-10-01,S5_estados_unidos,Suavizamiento exponencial simple,32382.0,13761.07126694494
2022-11-01,S5_estados_unidos,Suavizamiento exponencial simple,32735.0,13761.07126694494
2022-12-01,S5_estados_unidos,Suavizamiento exponencial simple,50965.0,13761.07126694494
2023-01-01,S5_estados_unidos,Suavizamiento exponencial simple,42564.85679012346,13761.07126694494
2023-02-01,S5_estados_unidos,Suavizamiento exponencial simple,41184.363046740815,13761.07126694494
2023-03-01,S5_estados_unidos,Suavizamiento exponencial simple,55213.4667036626,13761.07126694494
2023-04-01,S5_estados_unidos,Suavizamiento exponencial simple,44113.51210894952,13761.07126694494
2023-05-01,S5_estados_unidos,Suavizamiento exponencial simple,41381.57060678371,13761.07126694494
2023-06-01,S5_estados_unidos,Suavizamiento exponencial simple,60972.33456874857,13761.07126694494
2023-07-01,S5_estados_unidos,Suavizamiento exponencial simple,61402.21111111111,13761.07126694494
2023-08-01,S5_estados_unidos,Suavizamiento exponencial simple,44902.59605263158,13761.07126694494
2023-09-01,S5_estados_unidos,Suavizamiento exponencial simple,33300.637664783426,13761.07126694494
2023-10-01,S5_estados_unidos,Suavizamiento exponencial simple,28856.235897435898,13761.07126694494
2023-11-01,S5_estados_unidos,Suavizamiento exponencial simple,44110.3871460894,13761.07126694494
2023-12-01,S5_estados_unidos,Suavizamiento exponencial simple,67843.63231707318,13761.07126694494
2024-01-01,S5_estados_unidos,Suavizamiento exponencial simple,51549.98050420168,13761.07126694494
2024-02-01,S5_estados_unidos,Suavizamiento exponencial simple,56331.931939211085,13761.07126694494
2024-03-01,S5_estados_unidos,Suavizamiento exponencial simple,65814.34652526065,13761.07126694494
2024-04-01,S5_estados_unidos,Suavizamiento exponencial simple,47926.56645860106,13761.07126694494
2024-05-01,S5_estados_unidos,Suavizamiento exponencial simple,50604.94190287849,13761.07126694494
2024-06-01,S5_estados_unidos,Suavizamiento exponencial simple,70997.42091836735,13761.07126694494
2024-07-01,S5_estados_unidos,Suavizamiento exponencial simple,70063.43320926385,13761.07126694494
2024-08-01,S5_estados_unidos,Suavizamiento exponencial simple,50503.92132168998,13761.07126694494
2024-09-01,S5_estados_unidos,Suavizamiento exponencial simple,32282.807516339868,13761.07126694494
2024-10-01,S5_estados_unidos,Suavizamiento exponencial simple,39405.92157928389,13761.07126694494
2024-11-01,S5_estados_unidos,Suavizamiento exponencial simple,49135.98230088496,13761.07126694494
2024-12-01,S5_estados_unidos,Suavizamiento exponencial simple,71932.50701754386,13761.07126694494
2025-01-01,S5_estados_unidos,Suavizamiento exponencial simple,53194.70208728653,13761.07126694494
2025-02-01,S5_estados_unidos,Suavizamiento exponencial simple,49713.2784700413,13761.07126694494
2025-03-01,S5_estados_unidos,Suavizamiento exponencial simple,61290.230504297666,13761.07126694494
2025-04-01,S5_estados_unidos,Suavizamiento exponencial simple,51448.35050594361,13761.07126694494
2025-05-01,S5_estados_unidos,Suavizamiento exponencial simple,51035.18262062994,13761.07126694494
2025-06-01,S5_estados_unidos,Suavizamiento exponencial simple,67934.42191452536,13761.07126694494
2025-07-01,S5_estados_unidos,Suavizamiento exponencial simple,73557.04897780964,13761.07126694494
2025-08-01,S5_estados_unidos,Suavizamiento exponencial simple,51692.05755693582,13761.07126694494
2025-09-01,S5_estados_unidos,Suavizamiento exponencial simple,33002.422864995315,13761.07126694494
2025-10-01,S5_estados_unidos,Suavizamiento exponencial simple,45871.23336163119,13761.07126694494
2025-11-01,S5_estados_unidos,Suavizamiento exponencial simple,56053.301865460715,13761.07126694494
2025-12-01,S5_estados_unidos,Suavizamiento exponencial simple,78927.15862068966,13761.07126694494
2026-01-01,S5_estados_unidos,Suavizamiento exponencial simple,58205.9383828186,13761.07126694494
2026-02-01,S5_estados_unidos,Suavizamiento exponencial simple,56019.357142857145,13761.07126694494
2026-03-01,S5_estados_unidos,Suavizamiento exponencial simple,72509.63840109167,13761.07126694494
2026-04-01,S5_estados_unidos,Suavizamiento exponencial simple,54854.81282997855,13761.07126694494
2026-05-01,S5_estados_unidos,Suavizamiento exponencial simple,54361.72805970149,13761.07126694494
2026-06-01,S5_estados_unidos,Suavizamiento exponencial simple,65119.89089994972,13761.07126694494
2021-04-01,S5_estados_unidos,Seasonal Naive,15318.0,0.0
2021-05-01,S5_estados_unidos,Seasonal Naive,17237.0,0.0
2021-06-01,S5_estados_unidos,Seasonal Naive,26082.0,0.0
2021-07-01,S5_estados_unidos,Seasonal Naive,24567.0,0.0
2021-08-01,S5_estados_unidos,Seasonal Naive,14111.0,0.0
2021-09-01,S5_estados_unidos,Seasonal Naive,10998.0,949.0
2021-10-01,S5_estados_unidos,Seasonal Naive,14298.0,1394.09131736
2021-11-01,S5_estados_unidos,Seasonal Naive,19323.0,11072.0
2021-12-01,S5_estados_unidos,Seasonal Naive,51057.0,12180.0
2022-01-01,S5_estados_unidos,Seasonal Naive,27001.0,11488.0
2022-02-01,S5_estados_unidos,Seasonal Naive,26498.0,6422.0
2022-03-01,S5_estados_unidos,Seasonal Naive,38737.0,22541.0
2022-04-01,S5_estados_unidos,Seasonal Naive,40838.0,0.0
2022-05-01,S5_estados_unidos,Seasonal Naive,38482.0,0.0
2022-06-01,S5_estados_unidos,Seasonal Naive,49492.0,0.0
2022-07-01,S5_estados_unidos,Seasonal Naive,47406.0,0.0
2022-08-01,S5_estados_unidos,Seasonal Naive,34897.0,0.0
2022-09-01,S5_estados_unidos,Seasonal Naive,26821.0,949.0
2022-10-01,S5_estados_unidos,Seasonal Naive,32382.0,1394.09131736
2022-11-01,S5_estados_unidos,Seasonal Naive,32735.0,11072.0
2022-12-01,S5_estados_unidos,Seasonal Naive,50965.0,12180.0
2023-01-01,S5_estados_unidos,Seasonal Naive,42564.85679012346,11488.0
2023-02-01,S5_estados_unidos,Seasonal Naive,41184.363046740815,6422.0
2023-03-01,S5_estados_unidos,Seasonal Naive,55213.4667036626,22541.0
2023-04-01,S5_estados_unidos,Seasonal Naive,44113.51210894952,0.0
2023-05-01,S5_estados_unidos,Seasonal Naive,41381.57060678371,0.0
2023-06-01,S5_estados_unidos,Seasonal Naive,60972.33456874857,0.0
2023-07-01,S5_estados_unidos,Seasonal Naive,61402.21111111111,0.0
2023-08-01,S5_estados_unidos,Seasonal Naive,44902.59605263158,0.0
2023-09-01,S5_estados_unidos,Seasonal Naive,33300.637664783426,949.0
2023-10-01,S5_estados_unidos,Seasonal Naive,28856.235897435898,1394.09131736
2023-11-01,S5_estados_unidos,Seasonal Naive,44110.3871460894,11072.0
2023-12-01,S5_estados_unidos,Seasonal Naive,67843.63231707318,12180.0
2024-01-01,S5_estados_unidos,Seasonal Naive,51549.98050420168,11488.0
2024-02-01,S5_estados_unidos,Seasonal Naive,56331.931939211085,6422.0
2024-03-01,S5_estados_unidos,Seasonal Naive,65814.34652526065,22541.0
2024-04-01,S5_estados_unidos,Seasonal Naive,47926.56645860106,0.0
2024-05-01,S5_estados_unidos,Seasonal Naive,50604.94190287849,0.0
2024-06-01,S5_estados_unidos,Seasonal Naive,70997.42091836735,0.0
2024-07-01,S5_estados_unidos,Seasonal Naive,70063.43320926385,0.0
2024-08-01,S5_estados_unidos,Seasonal Naive,50503.92132168998,0.0
2024-09-01,S5_estados_unidos,Seasonal Naive,32282.807516339868,949.0
2024-10-01,S5_estados_unidos,Seasonal Naive,39405.92157928389,1394.09131736
2024-11-01,S5_estados_unidos,Seasonal Naive,49135.98230088496,11072.0
2024-12-01,S5_estados_unidos,Seasonal Naive,71932.50701754386,12180.0
2025-01-01,S5_estados_unidos,Seasonal Naive,53194.70208728653,11488.0
2025-02-01,S5_estados_unidos,Seasonal Naive,49713.2784700413,6422.0
2025-03-01,S5_estados_unidos,Seasonal Naive,61290.230504297666,22541.0
2025-04-01,S5_estados_unidos,Seasonal Naive,51448.35050594361,0.0
2025-05-01,S5_estados_unidos,Seasonal Naive,51035.18262062994,0.0
2025-06-01,S5_estados_unidos,Seasonal Naive,67934.42191452536,0.0
2025-07-01,S5_estados_unidos,Seasonal Naive,73557.04897780964,0.0
2025-08-01,S5_estados_unidos,Seasonal Naive,51692.05755693582,0.0
2025-09-01,S5_estados_unidos,Seasonal Naive,33002.422864995315,949.0
2025-10-01,S5_estados_unidos,Seasonal Naive,45871.23336163119,1394.09131736
2025-11-01,S5_estados_unidos,Seasonal Naive,56053.301865460715,11072.0
2025-12-01,S5_estados_unidos,Seasonal Naive,78927.15862068966,12180.0
2026-01-01,S5_estados_unidos,Seasonal Naive,58205.9383828186,11488.0
2026-02-01,S5_estados_unidos,Seasonal Naive,56019.357142857145,6422.0
2026-03-01,S5_estados_unidos,Seasonal Naive,72509.63840109167,22541.0
2026-04-01,S5_estados_unidos,Seasonal Naive,54854.81282997855,0.0
2026-05-01,S5_estados_unidos,Seasonal Naive,54361.72805970149,0.0
2026-06-01,S5_estados_unidos,Seasonal Naive,65119.89089994972,0.0
